日期,類型,金額,結餘,證券,股票代號,股數,每股,費用,稅款,對銷賬戶,備註
2026-02-02 00:00:00,股息,8.35,"13,744.88",AT&T Inc.,T,43,0.28,,3.58,,
2026-02-02 00:00:00,股息,5.04,"13,736.53",Lincoln National Co,LNC,16,0.45,,2.16,,
2026-01-30 00:00:00,股息,5.62,"13,731.49",TC Energy Corporation,TRP,12,0.62,,1.88,,
2026-01-29 00:00:00,賣出,"2,610.00","13,725.87",Huntington Ingalls Industries Inc,HII,6,435.00,,,Charles Schwab,
2026-01-27 00:00:00,股息,9.24,"11,115.87","American Financial Group, Inc.",AFG,15,0.88,,3.96,,
2026-01-23 00:00:00,股息,1.75,"11,106.63","Toll Brothers, Inc.",TOL,10,0.25,,0.75,,
2026-01-15 00:00:00,賣出,500.00,"11,104.88",Intel Corp.,INTC,10,50.00,,,Charles Schwab,
2026-01-15 00:00:00,股息,7.35,"10,604.88","Leggett & Platt, Incorporated",LEG,210,0.05,,3.15,,
2026-01-15 00:00:00,費用,-5.20,"10,597.53",Itochu Corp,ITOCY,,,,,,ADR管理費
2026-01-15 00:00:00,股息,0.75,"10,602.73",South Bow Corporation,SOBO,2,0.50,,0.25,,
2026-01-13 00:00:00,股息,13.28,"10,601.98",F&G Annuities & Life,FG,1,13.28,,,,Cash In Lieu
2026-01-06 00:00:00,股息,3.46,"10,588.70","PulteGroup, Inc.",PHM,19,0.26,,1.48,,
2026-01-05 00:00:00,賣出,"3,100.00","10,585.24","Caterpillar, Inc.",CAT,5,620.00,,,Charles Schwab,賣出理由：GDP高點減碼 賣掉接近貴價1%
2025-12-31 00:00:00,股息,8.74,"7,485.24",Fidelity National Financial Inc.,FNF,24,0.52,,3.74,,
2025-12-30 00:00:00,股息,14.00,"7,476.50",Goldman Sachs Group Inc,GS,5,4.00,,6.00,,
2025-12-30 00:00:00,利息,0.11,"7,462.50",,,,,,0.04,,
2025-12-26 00:00:00,股息,7.45,"7,462.39",Bank of America Corp,BAC,38,0.28,,3.19,,
2025-12-23 00:00:00,賣出,"3,120.00","7,454.94","Tapestry, Inc.",TPR,24,130.00,,,Charles Schwab,賣出理由：減碼 賣掉接近貴價3% 設長單成交
2025-12-22 00:00:00,股息,6.72,"4,334.94","Tapestry, Inc.",TPR,24,0.40,,2.88,,
2025-12-19 00:00:00,股息,13.40,"4,328.22",Manulife Financial Corp.,MFC,56,0.32,,4.47,,
2025-12-17 00:00:00,股息,26.09,"4,314.82",Itochu Corp,ITOCY,260,0.13,2.08,5.10,,
2025-12-16 00:00:00,股息,2.73,"4,288.73",Central Japan Railway,CJPRY,75,0.05,0.54,0.59,,
2025-12-15 00:00:00,股息,53.41,"4,286.00",Marubeni Corp,MARUY,20,3.22,1.12,9.86,,
2025-12-15 00:00:00,股息,11.19,"4,232.59",East Japan Railway,EJPRY,140,0.11,2.21,2.42,,
2025-12-15 00:00:00,股息,10.35,"4,221.40",Tyson Foods Inc,TSN,29,0.51,,4.44,,
2025-12-15 00:00:00,股息,9.80,"4,211.05",The Wendy's Company,WEN,100,0.14,,4.20,,
2025-12-15 00:00:00,股息,4.06,"4,201.25",AGCO Corporation,AGCO,20,0.29,,1.74,,
2025-12-12 00:00:00,股息,7.15,"4,197.19",3M Co.,MMM,14,0.73,,3.07,,
2025-12-12 00:00:00,股息,5.80,"4,190.04",Huntington Ingalls Industries Inc,HII,6,1.38,,2.48,,
2025-12-11 00:00:00,股息,8.50,"4,184.24","Prudential Financial, Inc",PRU,9,1.35,,3.65,,
2025-12-10 00:00:00,股息,8.82,"4,175.74",Energizer Holdings Inc,ENR,42,0.30,,3.78,,
2025-12-09 00:00:00,股息,142.21,"4,166.92",Boeing Company,BA,,,,,,Cash In Lieu 0.7075股*$201=142.21 成本$72.38  +$69.83
2025-12-09 00:00:00,股息,29.81,"4,024.71","Mitsui & Co., Ltd.",MITSY,5,7.05,0.03,5.40,,
2025-12-09 00:00:00,費用,-1.65,"3,994.90",Danske Bank,DNKEY,,,,,,ADR管理費
2025-12-08 00:00:00,股息,33.79,"3,996.55",Sumitomo Corp,SSUMY,95,0.45,2.47,6.56,,
2025-12-05 00:00:00,股息,6.47,"3,962.76",Scotts Miracle-Gro Company,SMG,14,0.66,,2.77,,
2025-12-04 00:00:00,股息,3.22,"3,956.29",CNA Financial Corporation,CNA,10,0.46,,1.38,,
2025-12-03 00:00:00,股息,13.94,"3,953.07",Assured Guaranty Ltd.,AGO,41,0.34,,,,
2025-12-01 00:00:00,股息,17.16,"3,939.13",PFIZER INC,PFE,57,0.43,,7.35,,
2025-12-01 00:00:00,股息,9.80,"3,921.97",Kroger Co.,KR,40,0.35,,4.20,,
2025-12-01 00:00:00,股息,6.30,"3,912.17",Wells Fargo & Co,WFC,20,0.45,,2.70,,
2025-11-28 00:00:00,股息,7.27,"3,905.87",Magna Intl Inc.,MGA,20,0.48,,2.43,,
2025-11-26 00:00:00,股息,21.00,"3,898.60","American Financial Group, Inc.",AFG,15,2.00,,9.00,,Special 股息
2025-11-26 00:00:00,股息,7.98,"3,877.60","Citigroup, Inc.",C,19,0.60,,3.42,,
2025-11-26 00:00:00,利息,0.07,"3,869.62",,,,,,0.02,,
2025-11-21 00:00:00,股息,14.74,"3,869.55",SiriusXM Holdings Inc.,SIRI,78,0.27,,6.32,,
2025-11-20 00:00:00,股息,5.28,"3,854.81","Caterpillar, Inc.",CAT,5,1.51,,2.27,,
2025-11-17 00:00:00,股息,9.87,"3,849.53",Synchrony Financial,SYF,47,0.30,,4.23,,
2025-11-14 00:00:00,賣出,"1,800.00","3,839.66","Invesco QQQ Trust, Series 1",QQQ,3,600.00,,,Charles Schwab,GDP高點 快速減碼持股比例
2025-11-14 00:00:00,股息,7.00,"2,039.66",Morgan Stanley,MS,10,1.00,,3.00,,
2025-11-10 00:00:00,股息,18.11,"2,032.66",Centrica plc,CPYYY,210,0.10,2.10,,,
2025-11-06 00:00:00,股息,3.81,"2,014.55",Delta Air Lines Inc,DAL,29,0.19,,1.63,,
2025-11-04 00:00:00,賣出,"1,755.00","2,010.74","Cardinal Health, Inc.",CAH,9,195.00,,,Charles Schwab,賣出理由：接近貴價1%
2025-11-03 00:00:00,股息,8.35,255.74,AT&T Inc.,T,43,0.28,,3.58,,
2025-11-03 00:00:00,股息,5.04,247.39,Lincoln National Co,LNC,16,0.45,,2.16,,
2025-10-31 00:00:00,股息,5.45,242.35,TC Energy Corporation,TRP,12,0.61,,1.82,,
2025-10-31 00:00:00,股息,1.46,236.90,"Invesco QQQ Trust, Series 1",QQQ,3,0.69,,0.62,,
2025-10-29 00:00:00,股息,36.88,235.44,BNP PARIBAS ADR EACH REPR 1/2 O,BNPQY,33,1.52,0.66,12.52,,
2025-10-27 00:00:00,買入,-800.00,198.56,Molina Healthcare Inc,MOH,5,160.00,,,Charles Schwab,
2025-10-24 00:00:00,股息,9.24,998.56,"American Financial Group, Inc.",AFG,15,0.88,,3.96,,
2025-10-24 00:00:00,股息,1.75,989.32,"Toll Brothers, Inc.",TOL,10,0.25,,0.75,,
2025-10-15 00:00:00,股息,7.35,987.57,"Leggett & Platt, Incorporated",LEG,210,0.05,,3.15,,
2025-10-15 00:00:00,股息,3.22,980.22,"Cardinal Health, Inc.",CAH,9,0.51,,1.38,,
2025-10-15 00:00:00,股息,0.75,977.00,South Bow Corporation,SOBO,2,0.50,,0.25,,
2025-10-09 00:00:00,費用,-0.28,976.25,BAYER AG SPON ADR EACH REP 0.25,BAYRY,,,,,,ADR管理費
2025-10-02 00:00:00,股息,2.93,976.53,"PulteGroup, Inc.",PHM,19,0.22,,1.25,,
2025-09-30 00:00:00,股息,8.40,973.60,Fidelity National Financial Inc.,FNF,24,0.50,,3.60,,
2025-09-29 00:00:00,股息,14.00,965.20,Goldman Sachs Group Inc,GS,5,4.00,,6.00,,
2025-09-26 00:00:00,股息,7.45,951.20,Bank of America Corp,BAC,38,0.28,,3.19,,
2025-09-23 00:00:00,買入,"-1,056.00",943.75,Arch Capital Group Ltd.,ACGL,12,88.00,,,Charles Schwab,
2025-09-22 00:00:00,股息,6.72,"1,999.75","Tapestry, Inc.",TPR,24,0.40,,2.88,,
2025-09-19 00:00:00,股息,13.41,"1,993.03",Manulife Financial Corp.,MFC,56,0.32,,4.47,,
2025-09-15 00:00:00,股息,4.06,"1,979.62",AGCO Corporation,AGCO,20,0.29,,1.74,,
2025-09-12 00:00:00,股息,10.15,"1,975.56",Tyson Foods Inc,TSN,29,0.50,,4.35,,
2025-09-12 00:00:00,股息,7.15,"1,965.41",3M Co.,MMM,14,0.73,,3.07,,
2025-09-12 00:00:00,股息,5.67,"1,958.26",Huntington Ingalls Industries Inc,HII,6,1.35,,2.43,,
2025-09-11 00:00:00,股息,8.50,"1,952.59","Prudential Financial, Inc",PRU,9,1.35,,3.65,,
2025-09-10 00:00:00,股息,8.82,"1,944.09",Energizer Holdings Inc,ENR,42,0.30,,3.78,,
2025-09-05 00:00:00,股息,6.47,"1,935.27",Scotts Miracle-Gro Company,SMG,14,0.66,,2.77,,
2025-09-04 00:00:00,股息,3.22,"1,928.80",CNA Financial Corporation,CNA,10,0.46,,1.38,,
2025-09-03 00:00:00,買入,"-1,000.00","1,925.58",The Wendy's Company,WEN,100,10.00,,,Charles Schwab,
2025-09-03 00:00:00,股息,13.94,"2,925.58",Assured Guaranty Ltd.,AGO,41,0.34,,,,
2025-09-02 00:00:00,股息,17.16,"2,911.64",PFIZER INC,PFE,57,0.43,,7.35,,
2025-09-02 00:00:00,股息,9.80,"2,894.48",Kroger Co.,KR,40,0.35,,4.20,,
2025-09-02 00:00:00,股息,6.30,"2,884.68",Wells Fargo & Co,WFC,20,0.45,,2.70,,
2025-08-29 00:00:00,股息,7.27,"2,878.38",Magna Intl Inc.,MGA,20,0.48,,2.43,,
2025-08-28 00:00:00,利息,0.03,"2,871.11",,,,,,0.01,,
2025-08-27 00:00:00,股息,14.74,"2,871.08",SiriusXM Holdings Inc.,SIRI,78,0.27,,6.32,,
2025-08-22 00:00:00,股息,7.98,"2,856.34","Citigroup, Inc.",C,19,0.60,,3.42,,
2025-08-21 00:00:00,股息,3.81,"2,848.36",Delta Air Lines Inc,DAL,29,0.19,,1.63,,
2025-08-20 00:00:00,股息,5.28,"2,844.55","Caterpillar, Inc.",CAT,5,1.51,,2.27,,
2025-08-15 00:00:00,買入,-954.00,"2,839.27",Berkshire Hathaway Inc. New,BRK-B,2,477.00,,,Charles Schwab,
2025-08-15 00:00:00,股息,9.87,"3,793.27",Synchrony Financial,SYF,47,0.30,,4.23,,
2025-08-15 00:00:00,股息,7.00,"3,783.40",Morgan Stanley,MS,10,1.00,,3.00,,
2025-08-13 00:00:00,賣出,"1,736.00","3,776.40",Capital One Financial Corporati,COF,8,217.00,,,Charles Schwab,
2025-08-12 00:00:00,賣出,"1,100.00","2,040.40","Tapestry, Inc.",TPR,10,110.00,,,Charles Schwab,
2025-08-01 00:00:00,股息,8.35,940.40,AT&T Inc.,T,43,0.28,,3.58,,
2025-08-01 00:00:00,股息,5.04,932.05,Lincoln National Co,LNC,16,0.45,,2.16,,
2025-07-31 00:00:00,股息,5.52,927.01,TC Energy Corporation,TRP,12,0.61,,1.84,,
2025-07-31 00:00:00,股息,1.24,921.49,"Invesco QQQ Trust, Series 1",QQQ,3,0.59,,0.53,,
2025-07-25 00:00:00,股息,8.40,920.25,"American Financial Group, Inc.",AFG,15,0.80,,3.60,,
2025-07-25 00:00:00,股息,1.75,911.85,"Toll Brothers, Inc.",TOL,10,0.25,,0.75,,
2025-07-15 00:00:00,股息,7.35,910.10,"Leggett & Platt, Incorporated",LEG,210,0.05,,3.15,,
2025-07-15 00:00:00,股息,3.22,902.75,"Cardinal Health, Inc.",CAH,9,0.51,,1.38,,
2025-07-15 00:00:00,股息,0.75,899.53,South Bow Corporation,SOBO,2,0.50,,0.25,,
2025-07-11 00:00:00,股息,2.94,898.78,Central Japan Railway,CJPRY,75,0.06,0.58,0.64,,
2025-07-10 00:00:00,費用,-0.46,895.84,Electrolux AB,ELUXY,,,,,,ADR管理費 0.46/23=0.02
2025-07-08 00:00:00,股息,27.73,896.30,Itochu Corp,ITOCY,260,0.14,2.08,5.39,,
2025-07-07 00:00:00,股息,11.51,868.57,East Japan Railway,EJPRY,140,0.12,2.28,2.49,,
2025-07-02 00:00:00,股息,2.93,857.06,"PulteGroup, Inc.",PHM,19,0.22,,1.25,,
2025-06-30 00:00:00,股息,32.93,854.13,Sumitomo Corp,SSUMY,95,0.44,2.47,6.40,,
2025-06-30 00:00:00,股息,8.40,821.20,Fidelity National Financial Inc.,FNF,24,0.50,,3.60,,
2025-06-27 00:00:00,股息,28.96,812.80,"Mitsui & Co., Ltd.",MITSY,5,6.85,0.03,5.24,,
2025-06-27 00:00:00,股息,10.50,783.84,Goldman Sachs Group Inc,GS,5,3.00,,4.50,,
2025-06-27 00:00:00,股息,6.92,773.34,Bank of America Corp,BAC,38,0.26,,2.96,,
2025-06-23 00:00:00,股息,8.33,766.42,"Tapestry, Inc.",TPR,34,0.35,,3.57,,
2025-06-20 00:00:00,股息,66.37,758.09,BNP PARIBAS ADR EACH REPR 1/2 O,BNPQY,33,2.71,0.66,22.35,,
2025-06-20 00:00:00,股息,13.45,691.72,Manulife Financial Corp.,MFC,56,0.32,,4.48,,
2025-06-16 00:00:00,股息,58.00,678.27,Marubeni Corp,MARUY,20,3.49,1.12,10.69,,
2025-06-16 00:00:00,股息,30.99,620.27,Centrica plc,CPYYY,210,0.16,3.15,,,
2025-06-16 00:00:00,股息,4.06,589.28,AGCO Corporation,AGCO,20,0.29,,1.74,,
2025-06-13 00:00:00,股息,17.16,585.22,PFIZER INC,PFE,57,0.43,,7.35,,
2025-06-13 00:00:00,股息,10.15,568.06,Tyson Foods Inc,TSN,29,0.50,,4.35,,
2025-06-13 00:00:00,股息,5.67,557.91,Huntington Ingalls Industries Inc,HII,6,1.35,,2.43,,
2025-06-12 00:00:00,股息,8.50,552.24,"Prudential Financial, Inc",PRU,9,1.35,,3.65,,
2025-06-12 00:00:00,股息,7.15,543.74,3M Co.,MMM,14,0.73,,3.07,,
2025-06-11 00:00:00,股息,8.82,536.59,Energizer Holdings Inc,ENR,42,0.30,,3.78,,
2025-06-09 00:00:00,股息,22.28,527.77,Koninklijke Philips ADR,PHG,,,,,,Cash In Lieu 0.94624股*$23.55=22.28 成本$21.64  +$0.64
2025-06-06 00:00:00,股息,6.47,505.49,Scotts Miracle-Gro Company,SMG,14,0.66,,2.77,,
2025-06-05 00:00:00,股息,3.36,499.02,Capital One Financial Corporati,COF,8,0.60,,1.44,,
2025-06-05 00:00:00,股息,3.22,495.66,CNA Financial Corporation,CNA,10,0.46,,1.38,,
2025-06-03 00:00:00,股息,3.04,492.44,Delta Air Lines Inc,DAL,29,0.15,,1.31,,
2025-06-02 00:00:00,股息,8.96,489.40,Kroger Co.,KR,40,0.32,,3.84,,
2025-06-02 00:00:00,股息,5.60,480.44,Wells Fargo & Co,WFC,20,0.40,,2.40,,
2025-05-30 00:00:00,股息,13.94,474.84,Assured Guaranty Ltd.,AGO,41,0.34,,,,
2025-05-30 00:00:00,股息,7.27,460.90,Magna Intl Inc.,MGA,20,0.48,,2.43,,
2025-05-28 00:00:00,股息,82.35,453.63,"ALLIANZ SE UNSPON ADS EACH REP ",ALIZY,70,1.71,5.60,31.51,,
2025-05-28 00:00:00,股息,14.74,371.28,SiriusXM Holdings Inc.,SIRI,78,0.27,,6.32,,
2025-05-23 00:00:00,股息,7.45,356.54,"Citigroup, Inc.",C,19,0.56,,3.19,,
2025-05-20 00:00:00,股息,4.93,349.09,"Caterpillar, Inc.",CAT,5,1.41,,2.12,,
2025-05-15 00:00:00,股息,9.87,344.16,Synchrony Financial,SYF,47,0.30,,4.23,,
2025-05-15 00:00:00,股息,6.47,334.29,Morgan Stanley,MS,10,0.93,,2.78,,
2025-05-12 00:00:00,股息,1.61,327.82,BAYER AG SPON ADR EACH REP 0.25,BAYRY,70,0.03,,0.57,,
2025-05-01 00:00:00,股息,8.35,326.21,AT&T Inc.,T,43,0.28,,3.58,,
2025-05-01 00:00:00,股息,5.53,317.86,TC Energy Corporation,TRP,12,0.61,,1.84,,
2025-05-01 00:00:00,股息,5.04,312.33,Lincoln National Co,LNC,16,0.45,,2.16,,
2025-04-29 00:00:00,利息,0.12,307.29,,,,,,0.05,,
2025-04-25 00:00:00,股息,8.40,307.17,"American Financial Group, Inc.",AFG,15,0.80,,3.60,,
2025-04-25 00:00:00,股息,1.75,298.77,"Toll Brothers, Inc.",TOL,10,0.25,,0.75,,
2025-04-17 00:00:00,股息,4.50,297.02,UBS Group AG,UBS,10,0.45,,,,
2025-04-17 00:00:00,股息,2.92,292.52,UBS Group AG,UBS,10,0.45,,1.58,,
2025-04-16 00:00:00,買入,"-1,320.00",289.60,"Invesco QQQ Trust, Series 1",QQQ,3,440.00,,,Charles Schwab,
2025-04-15 00:00:00,股息,7.35,"1,609.60","Leggett & Platt, Incorporated",LEG,210,0.05,,3.15,,
2025-04-15 00:00:00,股息,3.18,"1,602.25","Cardinal Health, Inc.",CAH,9,0.51,,1.37,,
2025-04-15 00:00:00,股息,0.75,"1,599.07",South Bow Corporation,SOBO,2,0.50,,0.25,,
2025-04-11 00:00:00,買入,"-1,440.00","1,598.32","Caterpillar, Inc.",CAT,5,288.00,,,Charles Schwab,
2025-04-11 00:00:00,買入,-960.00,"3,038.32",Goldman Sachs Group Inc,GS,2,480.00,,,Charles Schwab,
2025-04-08 00:00:00,買入,-950.00,"3,998.32","Toll Brothers, Inc.",TOL,10,95.00,,,Charles Schwab,
2025-04-07 00:00:00,買入,-990.00,"4,948.32",Morgan Stanley,MS,10,99.00,,,Charles Schwab,
2025-04-02 00:00:00,股息,2.93,"5,938.32","PulteGroup, Inc.",PHM,19,0.22,,1.25,,
2025-04-01 00:00:00,股息,42.31,"5,935.39",Danske Bank,DNKEY,56,1.06,1.12,16.06,,
2025-03-31 00:00:00,股息,8.40,"5,893.08",Fidelity National Financial Inc.,FNF,24,0.50,,3.60,,
2025-03-28 00:00:00,股息,21.00,"5,884.68","American Financial Group, Inc.",AFG,15,2.00,,9.00,,Special 股息
2025-03-28 00:00:00,股息,6.92,"5,863.68",Bank of America Corp,BAC,38,0.26,,2.96,,
2025-03-28 00:00:00,股息,6.30,"5,856.76",Goldman Sachs Group Inc,GS,3,3.00,,2.70,,
2025-03-28 00:00:00,利息,0.21,"5,850.46",,,,,,0.08,,
2025-03-24 00:00:00,股息,8.33,"5,850.25","Tapestry, Inc.",TPR,34,0.35,,3.57,,
2025-03-20 00:00:00,股息,3.04,"5,841.92",Delta Air Lines Inc,DAL,29,0.15,,1.31,,
2025-03-19 00:00:00,股息,13.94,"5,838.88",Assured Guaranty Ltd.,AGO,41,0.34,,,,
2025-03-19 00:00:00,股息,12.88,"5,824.94",Manulife Financial Corp.,MFC,56,0.31,,4.30,,
2025-03-14 00:00:00,股息,10.15,"5,812.06",Tyson Foods Inc,TSN,29,0.50,,4.35,,
2025-03-14 00:00:00,股息,7.27,"5,801.91",Magna Intl Inc.,MGA,20,0.48,,2.43,,
2025-03-14 00:00:00,股息,5.67,"5,794.64",Huntington Ingalls Industries Inc,HII,6,1.35,,2.43,,
2025-03-13 00:00:00,股息,14.00,"5,788.97",CNA Financial Corporation,CNA,10,2.00,,6.00,,
2025-03-13 00:00:00,股息,8.82,"5,774.97",Energizer Holdings Inc,ENR,42,0.30,,3.78,,
2025-03-13 00:00:00,股息,8.50,"5,766.15","Prudential Financial, Inc",PRU,9,1.35,,3.65,,
2025-03-13 00:00:00,股息,3.22,"5,757.65",CNA Financial Corporation,CNA,10,0.46,,1.38,,
2025-03-12 00:00:00,買入,"-1,957.00","5,754.43",AGCO Corporation,AGCO,20,97.85,,,Charles Schwab,
2025-03-12 00:00:00,股息,7.15,"7,711.43",3M Co.,MMM,14,0.73,,3.07,,
2025-03-07 00:00:00,股息,17.16,"7,704.28",PFIZER INC,PFE,57,0.43,,7.35,,
2025-03-07 00:00:00,股息,6.47,"7,687.12",Scotts Miracle-Gro Company,SMG,14,0.66,,2.77,,
2025-03-06 00:00:00,買入,"-1,026.00","7,680.65",Synchrony Financial,SYF,19,54.00,,,Charles Schwab,
2025-03-03 00:00:00,股息,8.96,"8,706.65",Kroger Co.,KR,40,0.32,,3.84,,
2025-03-03 00:00:00,股息,5.60,"8,697.69",Wells Fargo & Co,WFC,20,0.40,,2.40,,
2025-03-03 00:00:00,股息,3.36,"8,692.09",Capital One Financial Corporati,COF,8,0.60,,1.44,,
2025-02-28 00:00:00,買入,"-1,690.00","8,688.73","Acadia Healthcare Company, Inc.",ACHC,52,32.50,,,Charles Schwab,
2025-02-28 00:00:00,股息,7.45,"10,378.73","Citigroup, Inc.",C,19,0.56,,3.19,,
2025-02-27 00:00:00,利息,0.56,"10,371.28",,,,,,0.24,,
2025-02-25 00:00:00,買入,"-1,906.40","10,370.72","Mitsui & Co., Ltd.",MITSY,5,379.89,6.95,,Charles Schwab,
2025-02-25 00:00:00,股息,14.74,"12,277.12",SiriusXM Holdings Inc.,SIRI,78,0.27,,6.32,,
2025-02-24 00:00:00,買入,"-1,488.00","12,262.38",Berkshire Hathaway Inc. New,BRK-B,3,496.00,,,Charles Schwab,
2025-02-24 00:00:00,買入,"-1,002.95","13,750.38",Itochu Corp,ITOCY,120,8.30,6.95,,Charles Schwab,
2025-02-24 00:00:00,買入,-996.95,"14,753.33",Sumitomo Corp,SSUMY,45,22.00,6.95,,Charles Schwab,
2025-02-24 00:00:00,買入,-924.95,"15,750.28",Marubeni Corp,MARUY,6,153.00,6.95,,Charles Schwab,
2025-02-21 00:00:00,買入,"-1,995.00","16,675.23","Leggett & Platt, Incorporated",LEG,210,9.50,,,Charles Schwab,
2025-02-21 00:00:00,買入,"-1,976.00","18,670.23","PulteGroup, Inc.",PHM,19,104.00,,,Charles Schwab,
2025-02-21 00:00:00,買入,-990.00,"20,646.23",Assured Guaranty Ltd.,AGO,11,90.00,,,Charles Schwab,
2025-02-18 00:00:00,股息,4.90,"21,636.23",Synchrony Financial,SYF,28,0.25,,2.10,,
2025-02-07 00:00:00,買入,"-1,989.00","21,631.33",SiriusXM Holdings Inc.,SIRI,78,25.50,,,Charles Schwab,
2025-02-03 00:00:00,股息,8.35,"23,620.33",AT&T Inc.,T,43,0.28,,3.58,,
2025-02-03 00:00:00,股息,5.04,"23,611.98",Lincoln National Co,LNC,16,0.45,,2.16,,
2025-01-31 00:00:00,股息,5.10,"23,606.94",TC Energy Corporation,TRP,12,0.57,,1.70,,
2025-01-31 00:00:00,股息,0.75,"23,601.84",South Bow Corporation,SOBO,2,0.50,,0.25,,
2025-01-30 00:00:00,利息,0.66,"23,601.09",,,,,,0.27,,
2025-01-24 00:00:00,股息,8.40,"23,600.43","American Financial Group, Inc.",AFG,15,0.80,,3.60,,
2025-01-15 00:00:00,股息,3.18,"23,592.03","Cardinal Health, Inc.",CAH,9,0.51,,1.37,,
2024-12-31 00:00:00,股息,8.40,"23,588.85",Fidelity National Financial Inc.,FNF,24,0.50,,3.60,,
2024-12-30 00:00:00,利息,1.16,"23,580.45",,,,,,0.49,,
2024-12-27 00:00:00,股息,18.11,"23,579.29",Danske Bank,DNKEY,56,0.46,0.56,6.90,,
2024-12-27 00:00:00,股息,6.92,"23,561.18",Bank of America Corp,BAC,38,0.26,,2.96,,
2024-12-27 00:00:00,股息,6.30,"23,554.26",Goldman Sachs Group Inc,GS,3,3.00,,2.70,,
2024-12-23 00:00:00,股息,8.33,"23,547.96","Tapestry, Inc.",TPR,34,0.35,,3.57,,
2024-12-19 00:00:00,股息,11.69,"23,539.63",Manulife Financial Corp.,MFC,56,0.28,,3.90,,
2024-12-17 00:00:00,股息,34.74,"23,527.94",Marubeni Corp,MARUY,14,3.00,0.78,6.42,,
2024-12-17 00:00:00,股息,15.01,"23,493.20",Itochu Corp,ITOCY,140,0.13,0.77,2.85,,
2024-12-17 00:00:00,股息,8.58,"23,478.19",East Japan Railway,EJPRY,140,0.09,1.70,1.86,,
2024-12-17 00:00:00,股息,2.66,"23,469.61",Central Japan Railway,CJPRY,75,0.05,0.52,0.57,,
2024-12-13 00:00:00,股息,10.15,"23,466.95",Tyson Foods Inc,TSN,29,0.50,,4.35,,
2024-12-13 00:00:00,股息,5.67,"23,456.80",Huntington Ingalls Industries Inc,HII,6,1.35,,2.43,,
2024-12-12 00:00:00,股息,8.82,"23,451.13",Energizer Holdings Inc,ENR,42,0.30,,3.78,,
2024-12-12 00:00:00,股息,8.19,"23,442.31","Prudential Financial, Inc",PRU,9,1.30,,3.51,,
2024-12-12 00:00:00,股息,6.86,"23,434.12",3M Co.,MMM,14,0.70,,2.94,,
2024-12-10 00:00:00,費用,-1.67,"23,427.26",Danske Bank,DNKEY,,,,,,ADR管理費
2024-12-09 00:00:00,股息,17.02,"23,428.93",Sumitomo Corp,SSUMY,50,0.43,1.30,3.31,,
2024-12-06 00:00:00,股息,9.30,"23,411.91",Assured Guaranty Ltd.,AGO,30,0.31,,,,
2024-12-06 00:00:00,股息,6.47,"23,402.61",Scotts Miracle-Gro Company,SMG,14,0.66,,2.77,,
2024-12-05 00:00:00,股息,3.08,"23,396.14",CNA Financial Corporation,CNA,10,0.44,,1.32,,
2024-12-02 00:00:00,股息,16.76,"23,393.06",PFIZER INC,PFE,57,0.42,,7.18,,
2024-12-02 00:00:00,股息,8.96,"23,376.30",Kroger Co.,KR,40,0.32,,3.84,,
2024-12-02 00:00:00,股息,5.60,"23,367.34",Wells Fargo & Co,WFC,20,0.40,,2.40,,
2024-11-29 00:00:00,股息,7.12,"23,361.74",Magna Intl Inc.,MGA,20,0.47,,2.38,,
2024-11-27 00:00:00,利息,1.62,"23,354.62",,,,,,0.69,,
2024-11-26 00:00:00,股息,42.00,"23,353.00","American Financial Group, Inc.",AFG,15,4.00,,18.00,,Special 股息
2024-11-25 00:00:00,股息,14.06,"23,311.00",Centrica plc,CPYYY,210,0.08,1.92,,,
2024-11-22 00:00:00,股息,7.45,"23,296.94","Citigroup, Inc.",C,19,0.56,,3.19,,
2024-11-22 00:00:00,股息,3.36,"23,289.49",Capital One Financial Corporati,COF,8,0.60,,1.44,,
2024-11-15 00:00:00,股息,4.90,"23,286.13",Synchrony Financial,SYF,28,0.25,,2.10,,
2024-11-01 00:00:00,股息,8.35,"23,281.23",AT&T Inc.,T,43,0.28,,3.58,,
2024-11-01 00:00:00,股息,5.04,"23,272.88",Lincoln National Co,LNC,16,0.45,,2.16,,
2024-10-31 00:00:00,股息,6.19,"23,267.84",TC Energy Corporation,TRP,12,0.69,,2.07,,
2024-10-31 00:00:00,股息,3.04,"23,261.65",Delta Air Lines Inc,DAL,29,0.15,,1.31,,
2024-10-30 00:00:00,利息,2.88,"23,258.61",,,,,,1.23,,
2024-10-25 00:00:00,股息,8.40,"23,255.73","American Financial Group, Inc.",AFG,15,0.80,,3.60,,
2024-10-15 00:00:00,股息,3.18,"23,247.33","Cardinal Health, Inc.",CAH,9,0.51,,1.37,,
2024-10-14 00:00:00,賣出,625.08,"23,244.15",Wells Fargo & Co,WFC,10,62.51,,0.02,Charles Schwab,
2024-10-09 00:00:00,費用,-0.28,"22,619.07",BAYER AG SPON ADR EACH REP 0.25,BAYRY,,,,,,ADR管理費
2024-10-03 00:00:00,股息,9.05,"22,619.35",TC Energy Corporation,TRP,0.41192535,21.97,,,,Cash In Lieu 分拆SOBO
2024-10-02 00:00:00,買入,-45.26,"22,610.30",South Bow Corporation,SOBO,2,22.63,,,Charles Schwab,TRP Spin-off
2024-10-02 00:00:00,股息,45.26,"22,655.56",TC Energy Corporation,TRP,12,3.77,,,,TRP Spin-off
2024-09-30 00:00:00,股息,8.06,"22,610.30",Fidelity National Financial Inc.,FNF,24,0.48,,3.46,,
2024-09-27 00:00:00,股息,6.92,"22,602.24",Bank of America Corp,BAC,38,0.26,,2.96,,
2024-09-27 00:00:00,股息,6.30,"22,595.32",Goldman Sachs Group Inc,GS,3,3.00,,2.70,,
2024-09-27 00:00:00,利息,4.79,"22,589.02",,,,,,2.05,,
2024-09-23 00:00:00,股息,8.33,"22,584.23","Tapestry, Inc.",TPR,34,0.35,,3.57,,
2024-09-19 00:00:00,股息,12.39,"22,575.90",Manulife Financial Corp.,MFC,56,0.29,,4.13,,
2024-09-13 00:00:00,股息,9.95,"22,563.51",Tyson Foods Inc,TSN,29,0.49,,4.26,,
2024-09-13 00:00:00,股息,5.46,"22,553.56",Huntington Ingalls Industries Inc,HII,6,1.30,,2.34,,
2024-09-12 00:00:00,股息,8.19,"22,548.10","Prudential Financial, Inc",PRU,9,1.30,,3.51,,
2024-09-12 00:00:00,股息,6.86,"22,539.91",3M Co.,MMM,14,0.70,,2.94,,
2024-09-10 00:00:00,股息,8.82,"22,533.05",Energizer Holdings Inc,ENR,42,0.30,,3.78,,
2024-09-06 00:00:00,股息,6.47,"22,524.23",Scotts Miracle-Gro Company,SMG,14,0.66,,2.77,,
2024-09-04 00:00:00,股息,9.30,"22,517.76",Assured Guaranty Ltd.,AGO,30,0.31,,,,
2024-09-03 00:00:00,股息,16.76,"22,508.46",PFIZER INC,PFE,57,0.42,,7.18,,
2024-09-03 00:00:00,股息,8.96,"22,491.70",Kroger Co.,KR,40,0.32,,3.84,,
2024-09-03 00:00:00,股息,8.40,"22,482.74",Wells Fargo & Co,WFC,30,0.40,,3.60,,
2024-09-03 00:00:00,股息,0.87,"22,474.34",Intel Corp.,INTC,10,0.12,,0.38,,
2024-08-30 00:00:00,股息,7.12,"22,473.47",Magna Intl Inc.,MGA,20,0.47,,2.38,,
2024-08-29 00:00:00,利息,5.25,"22,466.35",,,,,,2.25,,
2024-08-29 00:00:00,股息,3.08,"22,461.10",CNA Financial Corporation,CNA,10,0.44,,1.32,,
2024-08-28 00:00:00,賣出,"1,017.81","22,458.02",CI Financial Corp.,CIXXF,80,12.81,6.95,0.04,Charles Schwab,
2024-08-23 00:00:00,股息,7.45,"21,440.21","Citigroup, Inc.",C,19,0.56,,3.19,,
2024-08-23 00:00:00,股息,3.36,"21,432.76",Capital One Financial Corporati,COF,8,0.60,,1.44,,
2024-08-20 00:00:00,股息,3.04,"21,429.40",Delta Air Lines Inc,DAL,29,0.15,,1.31,,
2024-08-15 00:00:00,賣出,959.97,"21,426.36",Simon Property Group Inc,SPG,6,160.00,,0.03,Charles Schwab,
2024-08-15 00:00:00,股息,4.90,"20,466.39",Synchrony Financial,SYF,28,0.25,,2.10,,
2024-08-13 00:00:00,賣出,714.41,"20,461.49",BAYERISCHE MOTOREN WERKE AG ADR,BMWYY,25,28.86,6.95,0.02,Charles Schwab,
2024-08-01 00:00:00,股息,21.64,"19,747.08",Danske Bank,DNKEY,56,0.54,0.56,8.21,,
2024-08-01 00:00:00,股息,8.35,"19,725.44",AT&T Inc.,T,43,0.28,,3.58,,
2024-08-01 00:00:00,股息,5.04,"19,717.09",Lincoln National Co,LNC,16,0.45,,2.16,,
2024-07-31 00:00:00,股息,6.25,"19,712.05",TC Energy Corporation,TRP,12,0.69,,2.09,,
2024-07-30 00:00:00,利息,5.51,"19,705.80",,,,,,2.36,,
2024-07-25 00:00:00,股息,7.45,"19,700.29","American Financial Group, Inc.",AFG,15,0.71,,3.20,,
2024-07-22 00:00:00,股息,25.67,"19,692.84",Centrica plc,CPYYY,210,0.14,3.15,,,
2024-07-15 00:00:00,股息,8.77,"19,667.17",CI Financial Corp.,CIXXF,80,0.15,,2.92,,
2024-07-15 00:00:00,股息,3.18,"19,658.40","Cardinal Health, Inc.",CAH,9,0.51,,1.37,,
2024-07-10 00:00:00,股息,2.49,"19,655.22",Central Japan Railway,CJPRY,75,0.05,0.49,0.54,,
2024-07-10 00:00:00,費用,-0.46,"19,652.73",Electrolux AB,ELUXY,,,,,,ADR管理費 0.46/23=0.02
2024-07-09 00:00:00,股息,11.10,"19,653.19",Itochu Corp,ITOCY,140,0.10,0.77,2.15,,
2024-07-05 00:00:00,股息,8.82,"19,642.09",East Japan Railway,EJPRY,140,0.09,1.75,1.91,,
2024-07-01 00:00:00,賣出,"1,216.16","19,633.27","Citigroup, Inc.",C,19,64.01,,0.03,Charles Schwab,
2024-07-01 00:00:00,股息,15.28,"18,417.11",Sumitomo Corp,SSUMY,50,0.39,1.30,3.00,,
2024-06-28 00:00:00,股息,8.40,"18,401.83",Simon Property Group Inc,SPG,6,2.00,,3.60,,
2024-06-28 00:00:00,股息,8.06,"18,393.43",Fidelity National Financial Inc.,FNF,24,0.48,,3.46,,
2024-06-28 00:00:00,股息,6.38,"18,385.37",Bank of America Corp,BAC,38,0.24,,2.74,,
2024-06-27 00:00:00,股息,5.77,"18,378.99",Goldman Sachs Group Inc,GS,3,2.75,,2.48,,
2024-06-27 00:00:00,利息,4.13,"18,373.22",,,,,,1.77,,
2024-06-25 00:00:00,賣出,863.96,"18,369.09",Carnival PLC,CUK,54,16.00,,0.04,Charles Schwab,
2024-06-24 00:00:00,股息,60.85,"17,505.13",BNP PARIBAS ADR EACH REPR 1/2 O,BNPQY,33,2.49,0.66,20.50,,
2024-06-24 00:00:00,股息,8.33,"17,444.28","Tapestry, Inc.",TPR,34,0.35,,3.57,,
2024-06-19 00:00:00,股息,12.25,"17,435.95",Manulife Financial Corp.,MFC,56,0.29,,4.09,,
2024-06-17 00:00:00,股息,32.17,"17,423.70",Marubeni Corp,MARUY,14,2.78,0.78,5.96,,
2024-06-14 00:00:00,股息,16.76,"17,391.53",PFIZER INC,PFE,57,0.42,,7.18,,
2024-06-14 00:00:00,股息,9.95,"17,374.77",Tyson Foods Inc,TSN,29,0.49,,4.26,,
2024-06-14 00:00:00,股息,5.46,"17,364.82",Huntington Ingalls Industries Inc,HII,6,1.30,,2.34,,
2024-06-13 00:00:00,股息,8.19,"17,359.36","Prudential Financial, Inc",PRU,9,1.30,,3.51,,
2024-06-12 00:00:00,股息,8.82,"17,351.17",Energizer Holdings Inc,ENR,42,0.30,,3.78,,
2024-06-12 00:00:00,股息,6.86,"17,342.35",3M Co.,MMM,14,0.70,,2.94,,
2024-06-07 00:00:00,股息,9.01,"17,335.49",Unilever PLC,UL,20,0.46,0.10,,,
2024-06-07 00:00:00,股息,6.47,"17,326.48",Scotts Miracle-Gro Company,SMG,14,0.66,,2.77,,
2024-06-06 00:00:00,股息,3.08,"17,320.01",CNA Financial Corporation,CNA,10,0.44,,1.32,,
2024-06-05 00:00:00,股息,2.03,"17,316.93",Delta Air Lines Inc,DAL,29,0.10,,0.87,,
2024-06-03 00:00:00,賣出,"1,100.17","17,314.90",Unilever PLC,UL,20,55.01,,0.03,Charles Schwab,
2024-06-03 00:00:00,股息,8.12,"16,214.73",Kroger Co.,KR,40,0.29,,3.48,,
2024-06-03 00:00:00,股息,7.35,"16,206.61",Wells Fargo & Co,WFC,30,0.35,,3.15,,
2024-06-03 00:00:00,股息,0.87,"16,199.26",Intel Corp.,INTC,10,0.12,,0.38,,
2024-05-31 00:00:00,股息,39.02,"16,198.39",BAYERISCHE MOTOREN WERKE AG ADR,BMWYY,25,2.16,0.75,14.25,,
2024-05-31 00:00:00,股息,7.12,"16,159.37",Magna Intl Inc.,MGA,20,0.47,,2.38,,
2024-05-30 00:00:00,賣出,894.81,"16,152.25",Danske Bank,DNKEY,60,15.03,6.95,0.04,Charles Schwab,
2024-05-30 00:00:00,利息,3.47,"15,257.44",,,,,,1.48,,
2024-05-29 00:00:00,股息,9.30,"15,253.97",Assured Guaranty Ltd.,AGO,30,0.31,,,,
2024-05-28 00:00:00,股息,71.87,"15,244.67","ALLIANZ SE UNSPON ADS EACH REP ",ALIZY,70,1.49,4.80,27.47,,
2024-05-24 00:00:00,股息,14.10,"15,172.80","Citigroup, Inc.",C,38,0.53,,6.04,,
2024-05-24 00:00:00,股息,3.36,"15,158.70",Capital One Financial Corporati,COF,8,0.60,,1.44,,
2024-05-17 00:00:00,股息,14.90,"15,155.34",Koninklijke Philips ADR,PHG,,,,,,Cash In Lieu 0.53749股*$27.72=14.90 成本$11.24  +$3.66
2024-05-16 00:00:00,賣出,"1,329.51","15,140.44",Centrica plc,CPYYY,180,7.42,6.95,0.04,Charles Schwab,
2024-05-16 00:00:00,股息,2.27,"13,810.93",Apple Inc.,AAPL,13,0.25,,0.98,,
2024-05-15 00:00:00,股息,4.90,"13,808.66",Synchrony Financial,SYF,28,0.25,,2.10,,
2024-05-13 00:00:00,賣出,"2,408.88","13,803.76",Apple Inc.,AAPL,13,185.30,,0.02,Charles Schwab,
2024-05-13 00:00:00,股息,1.52,"11,394.88",BAYER AG SPON ADR EACH REP 0.25,BAYRY,70,0.03,,0.54,,
2024-05-03 00:00:00,股息,3.50,"11,393.36",UBS Group AG,UBS,10,0.35,,,,
2024-05-03 00:00:00,股息,2.27,"11,389.86",UBS Group AG,UBS,10,0.23,,,,
2024-05-01 00:00:00,賣出,"1,040.19","11,387.59",Unilever PLC,UL,20,52.01,,0.01,Charles Schwab,
2024-05-01 00:00:00,股息,8.35,"10,347.40",AT&T Inc.,T,43,0.28,,3.58,,
2024-05-01 00:00:00,股息,5.04,"10,339.05",Lincoln National Co,LNC,16,0.45,,2.16,,
2024-04-30 00:00:00,股息,6.28,"10,334.01",TC Energy Corporation,TRP,12,0.70,,2.09,,
2024-04-29 00:00:00,利息,2.36,"10,327.73",,,,,,1.01,,
2024-04-25 00:00:00,股息,7.45,"10,325.37","American Financial Group, Inc.",AFG,15,0.71,,3.20,,
2024-04-24 00:00:00,賣出,"1,951.98","10,317.92",RYDER SYSTEM INC,R,16,122.00,,0.02,Charles Schwab,
2024-04-15 00:00:00,股息,8.71,"8,365.94",CI Financial Corp.,CIXXF,80,0.15,,2.91,,
2024-04-15 00:00:00,股息,3.16,"8,357.23","Cardinal Health, Inc.",CAH,9,0.50,,1.35,,
2024-04-02 00:00:00,股息,44.95,"8,354.07",Danske Bank,DNKEY,116,0.54,1.16,17.06,,
2024-04-02 00:00:00,股息,32.68,"8,309.12",3M Co.,MMM,14,2.33,,,,Cash In Lieu 04/01/2024 0.5股*$65.36 每持有4股3M普通股獲得1股SOLV普通股
2024-04-01 00:01:00,賣出,210.00,"8,276.44",Solventum Corp,SOLV,3,70.00,,,Charles Schwab,
2024-04-01 00:00:00,買入,-236.52,"8,066.44",Solventum Corp,SOLV,3,78.84,,,Charles Schwab,MMM Spin-Off
2024-04-01 00:00:00,股息,236.52,"8,302.96",3M Co.,MMM,14,16.89,,,,MMM Spin-Off
2024-04-01 00:00:00,存款,12.74,"8,066.44",,,,,,,,BMWYY證券訴訟賠償
2024-04-01 00:00:00,股息,8.40,"8,053.70",Kraft Heinz Co,KHC,30,0.40,,3.60,,
2024-04-01 00:00:00,股息,8.19,"8,045.30",Simon Property Group Inc,SPG,6,1.95,,3.51,,
2024-04-01 00:00:00,股息,8.06,"8,037.11",Fidelity National Financial Inc.,FNF,24,0.48,,3.46,,
2024-04-01 00:00:00,股息,6.38,"8,029.05",Bank of America Corp,BAC,38,0.24,,2.74,,
2024-03-28 00:00:00,股息,5.77,"8,022.67",Goldman Sachs Group Inc,GS,3,2.75,,2.48,,
2024-03-27 00:00:00,利息,1.32,"8,016.90",,,,,,0.56,,
2024-03-26 00:00:00,賣出,"1,158.05","8,015.58",Evercore Inc.,EVR,6,193.01,,0.01,Charles Schwab,
2024-03-26 00:00:00,股息,8.33,"6,857.53","Tapestry, Inc.",TPR,34,0.35,,3.57,,
2024-03-22 00:00:00,股息,18.13,"6,849.20",Unilever PLC,UL,40,0.46,0.20,,,
2024-03-20 00:00:00,賣出,"1,064.99","6,831.07",Kraft Heinz Co,KHC,30,35.50,,0.01,Charles Schwab,
2024-03-20 00:00:00,股息,9.30,"5,766.08",Assured Guaranty Ltd.,AGO,30,0.31,,,,
2024-03-19 00:00:00,股息,12.37,"5,756.78",Manulife Financial Corp.,MFC,56,0.29,,4.13,,
2024-03-18 00:00:00,股息,2.03,"5,744.41",Delta Air Lines Inc,DAL,29,0.10,,0.87,,
2024-03-15 00:00:00,股息,9.95,"5,742.38",Tyson Foods Inc,TSN,29,0.49,,4.26,,
2024-03-15 00:00:00,股息,7.95,"5,732.43",RYDER SYSTEM INC,R,16,0.71,,3.41,,
2024-03-14 00:00:00,股息,8.82,"5,724.48",Energizer Holdings Inc,ENR,42,0.30,,3.78,,
2024-03-14 00:00:00,股息,8.19,"5,715.66","Prudential Financial, Inc",PRU,9,1.30,,3.51,,
2024-03-12 00:00:00,賣出,244.00,"5,707.47",Paramount Global,PARA,20,12.20,,,Charles Schwab,
2024-03-12 00:00:00,股息,14.80,"5,463.47",3M Co.,MMM,14,1.51,,6.34,,
2024-03-11 00:00:00,賣出,90.00,"5,448.67",Discovery,WBD,10,9.00,,,Charles Schwab,
2024-03-08 00:00:00,股息,7.12,"5,358.67",Magna Intl Inc.,MGA,20,0.47,,2.38,,
2024-03-08 00:00:00,股息,6.47,"5,351.55",Scotts Miracle-Gro Company,SMG,14,0.66,,2.77,,
2024-03-08 00:00:00,股息,5.46,"5,345.08",Huntington Ingalls Industries Inc,HII,6,1.30,,2.34,,
2024-03-08 00:00:00,股息,3.19,"5,339.62",Evercore Inc.,EVR,6,0.76,,1.37,,
2024-03-07 00:00:00,股息,14.00,"5,336.43",CNA Financial Corporation,CNA,10,2.00,,6.00,,
2024-03-07 00:00:00,股息,3.08,"5,322.43",CNA Financial Corporation,CNA,10,0.44,,1.32,,
2024-03-01 00:00:00,股息,16.76,"5,319.35",PFIZER INC,PFE,57,0.42,,7.18,,
2024-03-01 00:00:00,股息,8.12,"5,302.59",Kroger Co.,KR,40,0.29,,3.48,,
2024-03-01 00:00:00,股息,7.35,"5,294.47",Wells Fargo & Co,WFC,30,0.35,,3.15,,
2024-03-01 00:00:00,股息,0.87,"5,287.12",Intel Corp.,INTC,10,0.12,,0.38,,
2024-02-29 00:00:00,賣出,560.00,"5,286.25","Cardinal Health, Inc.",CAH,5,112.00,,,Charles Schwab,
2024-02-28 00:00:00,賣出,"3,000.98","4,726.25","AutoZone, Inc.",AZO,1,"3,001.00",,0.02,Charles Schwab,
2024-02-28 00:00:00,股息,26.25,"1,725.27","American Financial Group, Inc.",AFG,15,2.50,,11.25,,Special 股息
2024-02-28 00:00:00,利息,0.31,"1,699.02",,,,,,0.12,,
2024-02-23 00:00:00,股息,14.10,"1,698.71","Citigroup, Inc.",C,38,0.53,,6.04,,
2024-02-23 00:00:00,股息,3.36,"1,684.61",Capital One Financial Corporati,COF,8,0.60,,1.44,,
2024-02-15 00:00:00,股息,4.90,"1,681.25",Synchrony Financial,SYF,28,0.25,,2.10,,
2024-02-15 00:00:00,股息,2.18,"1,676.35",Apple Inc.,AAPL,13,0.24,,0.94,,
2024-02-12 00:00:00,賣出,546.00,"1,674.17",Evercore Inc.,EVR,3,182.00,,,Charles Schwab,
2024-02-09 00:00:00,賣出,588.00,"1,128.17",Simon Property Group Inc,SPG,4,147.00,,,Charles Schwab,
2024-02-01 00:00:00,股息,8.35,540.17,AT&T Inc.,T,43,0.28,,3.58,,
2024-02-01 00:00:00,股息,5.04,531.82,Lincoln National Co,LNC,16,0.45,,2.16,,
2024-01-31 00:00:00,股息,6.25,526.78,TC Energy Corporation,TRP,12,0.69,,2.08,,
2024-01-30 00:00:00,利息,0.24,520.53,,,,,,0.09,,
2024-01-25 00:00:00,股息,7.45,520.29,"American Financial Group, Inc.",AFG,15,0.71,,3.20,,
2024-01-16 00:00:00,股息,8.89,512.84,CI Financial Corp.,CIXXF,80,0.15,,2.96,,
2024-01-16 00:00:00,股息,4.91,503.95,"Cardinal Health, Inc.",CAH,14,0.50,,2.10,,
2024-01-02 00:00:00,股息,0.70,499.04,Paramount Global,PARA,20,0.05,,0.30,,
2023-12-29 00:00:00,股息,13.30,498.34,Simon Property Group Inc,SPG,10,1.90,,5.70,,
2023-12-29 00:00:00,股息,8.40,485.04,Kraft Heinz Co,KHC,30,0.40,,3.60,,
2023-12-29 00:00:00,股息,8.06,476.64,Fidelity National Financial Inc.,FNF,24,0.48,,3.46,,
2023-12-29 00:00:00,股息,6.38,468.58,Bank of America Corp,BAC,38,0.24,,2.74,,
2023-12-28 00:00:00,股息,5.77,462.20,Goldman Sachs Group Inc,GS,3,2.75,,2.48,,
2023-12-28 00:00:00,利息,0.07,456.43,,,,,,0.03,,
2023-12-26 00:00:00,股息,8.33,456.36,"Tapestry, Inc.",TPR,34,0.35,,3.57,,
2023-12-19 00:00:00,股息,11.48,448.03,Manulife Financial Corp.,MFC,56,0.27,,3.83,,
2023-12-18 00:00:00,股息,32.40,436.55,Marubeni Corp,MARUY,14,2.80,0.76,6.00,,
2023-12-18 00:00:00,股息,6.03,404.15,East Japan Railway,EJPRY,140,0.06,1.30,1.33,,
2023-12-18 00:00:00,股息,2.49,398.12,Central Japan Railway,CJPRY,75,0.05,0.52,0.54,,
2023-12-15 00:00:00,股息,9.95,395.63,Tyson Foods Inc,TSN,29,0.49,,4.26,,
2023-12-15 00:00:00,股息,7.95,385.68,RYDER SYSTEM INC,R,16,0.71,,3.41,,
2023-12-14 00:00:00,股息,8.82,377.73,Energizer Holdings Inc,ENR,42,0.30,,3.78,,
2023-12-14 00:00:00,股息,7.87,368.91,"Prudential Financial, Inc",PRU,9,1.25,,3.38,,
2023-12-12 00:00:00,股息,14.70,361.04,3M Co.,MMM,14,1.50,,6.30,,
2023-12-11 00:00:00,費用,-3.47,346.34,Danske Bank,DNKEY,,,,,,ADR管理費
2023-12-08 00:00:00,股息,17.96,349.81,Unilever PLC,UL,40,0.45,0.20,,,
2023-12-08 00:00:00,股息,16.64,331.85,Sumitomo Corp,SSUMY,50,0.42,1.20,3.23,,
2023-12-08 00:00:00,股息,6.47,315.21,Scotts Miracle-Gro Company,SMG,14,0.66,,2.77,,
2023-12-08 00:00:00,股息,5.46,308.74,Huntington Ingalls Industries Inc,HII,6,1.30,,2.34,,
2023-12-08 00:00:00,股息,4.79,303.28,Evercore Inc.,EVR,9,0.76,,2.05,,
2023-12-04 00:00:00,股息,16.36,298.49,PFIZER INC,PFE,57,0.41,,7.01,,
2023-12-01 00:00:00,股息,8.12,282.13,Kroger Co.,KR,40,0.29,,3.48,,
2023-12-01 00:00:00,股息,7.35,274.01,Wells Fargo & Co,WFC,30,0.35,,3.15,,
2023-12-01 00:00:00,股息,6.90,266.66,Magna Intl Inc.,MGA,20,0.46,,2.30,,
2023-12-01 00:00:00,股息,0.87,259.76,Intel Corp.,INTC,10,0.12,,0.38,,
2023-11-30 00:00:00,股息,2.94,258.89,CNA Financial Corporation,CNA,10,0.42,,1.26,,
2023-11-29 00:00:00,股息,8.40,255.95,Assured Guaranty Ltd.,AGO,30,0.28,,,,
2023-11-27 00:00:00,股息,22.63,247.55,Centrica plc,CPYYY,390,0.07,3.09,,,
2023-11-24 00:00:00,股息,3.36,224.92,Capital One Financial Corporati,COF,8,0.60,,1.44,,
2023-11-22 00:00:00,股息,15.75,221.56,"American Financial Group, Inc.",AFG,15,1.50,,6.75,,Special 股息
2023-11-22 00:00:00,股息,14.10,205.81,"Citigroup, Inc.",C,38,0.53,,6.04,,
2023-11-16 00:00:00,股息,2.18,191.71,Apple Inc.,AAPL,13,0.24,,0.94,,
2023-11-09 00:00:00,股息,4.90,189.53,Synchrony Financial,SYF,28,0.25,,2.10,,
2023-11-02 00:00:00,股息,2.03,184.63,Delta Air Lines Inc,DAL,29,0.10,,0.87,,
2023-11-01 00:00:00,股息,8.35,182.60,AT&T Inc.,T,43,0.28,,3.58,,
2023-11-01 00:00:00,股息,5.04,174.25,Lincoln National Co,LNC,16,0.45,,2.16,,
2023-10-31 00:00:00,股息,6.02,169.21,TC Energy Corporation,TRP,12,0.67,,2.01,,
2023-10-30 00:00:00,利息,0.05,163.19,,,,,,0.02,,
2023-10-25 00:00:00,股息,7.45,163.14,"American Financial Group, Inc.",AFG,15,0.71,,3.20,,
2023-10-16 00:00:00,股息,4.91,155.69,"Cardinal Health, Inc.",CAH,14,0.50,,2.10,,
2023-10-13 00:00:00,股息,7.91,150.78,CI Financial Corp.,CIXXF,80,0.13,,2.64,,
2023-10-03 00:00:00,買入,-776.34,142.87,Itochu Corp,ITOCY,110,6.99,6.95,,Charles Schwab,
2023-10-02 00:00:00,買入,-215.45,919.21,Itochu Corp,ITOCY,30,6.95,6.95,,Charles Schwab,
2023-10-02 00:00:00,股息,0.70,"1,134.66",Paramount Global,PARA,20,0.05,,0.30,,
2023-09-29 00:00:00,股息,13.30,"1,133.96",Simon Property Group Inc,SPG,10,1.90,,5.70,,
2023-09-29 00:00:00,股息,8.40,"1,120.66",Kraft Heinz Co,KHC,30,0.40,,3.60,,
2023-09-29 00:00:00,股息,7.56,"1,112.26",Fidelity National Financial Inc.,FNF,24,0.45,,3.24,,
2023-09-29 00:00:00,股息,6.38,"1,104.70",Bank of America Corp,BAC,38,0.24,,2.74,,
2023-09-28 00:00:00,股息,5.77,"1,098.32",Goldman Sachs Group Inc,GS,3,2.75,,2.48,,
2023-09-28 00:00:00,利息,0.27,"1,092.55",,,,,,0.11,,
2023-09-25 00:00:00,股息,8.33,"1,092.28","Tapestry, Inc.",TPR,34,0.35,,3.57,,
2023-09-19 00:00:00,股息,11.39,"1,083.95",Manulife Financial Corp.,MFC,56,0.27,,3.80,,
2023-09-15 00:00:00,股息,9.74,"1,072.56",Tyson Foods Inc,TSN,29,0.48,,4.18,,
2023-09-15 00:00:00,股息,8.82,"1,062.82",Energizer Holdings Inc,ENR,42,0.30,,3.78,,
2023-09-15 00:00:00,股息,7.95,"1,054.00",RYDER SYSTEM INC,R,16,0.71,,3.41,,
2023-09-14 00:00:00,股息,7.87,"1,046.05","Prudential Financial, Inc",PRU,9,1.25,,3.38,,
2023-09-12 00:00:00,股息,14.70,"1,038.18",3M Co.,MMM,14,1.50,,6.30,,
2023-09-08 00:00:00,股息,6.47,"1,023.48",Scotts Miracle-Gro Company,SMG,14,0.66,,2.77,,
2023-09-08 00:00:00,股息,5.21,"1,017.01",Huntington Ingalls Industries Inc,HII,6,1.24,,2.23,,
2023-09-08 00:00:00,股息,4.79,"1,011.80",Evercore Inc.,EVR,9,0.76,,2.05,,
2023-09-06 00:00:00,買入,"-1,000.22","1,007.01",PFIZER INC,PFE,29,34.49,,,Charles Schwab,
2023-09-05 00:00:00,股息,8.04,"2,007.23",PFIZER INC,PFE,28,0.41,,3.44,,
2023-09-01 00:00:00,股息,8.12,"1,999.19",Kroger Co.,KR,40,0.29,,3.48,,
2023-09-01 00:00:00,股息,7.35,"1,991.07",Wells Fargo & Co,WFC,30,0.35,,3.15,,
2023-09-01 00:00:00,股息,6.90,"1,983.72",Magna Intl Inc.,MGA,20,0.46,,2.30,,
2023-09-01 00:00:00,股息,0.87,"1,976.82",Intel Corp.,INTC,10,0.12,,0.38,,
2023-08-31 00:00:00,股息,18.78,"1,975.95",Unilever PLC,UL,40,0.47,0.20,,,
2023-08-31 00:00:00,股息,2.94,"1,957.17",CNA Financial Corporation,CNA,10,0.42,,1.26,,
2023-08-30 00:00:00,股息,8.40,"1,954.23",Assured Guaranty Ltd.,AGO,30,0.28,,,,
2023-08-30 00:00:00,利息,0.78,"1,945.83",,,,,,0.33,,
2023-08-25 00:00:00,股息,14.10,"1,945.05","Citigroup, Inc.",C,38,0.53,,6.04,,
2023-08-18 00:00:00,股息,3.36,"1,930.95",Capital One Financial Corporati,COF,8,0.60,,1.44,,
2023-08-17 00:00:00,買入,"-1,006.95","1,927.59",Sumitomo Corp,SSUMY,50,20.00,6.95,,Charles Schwab,
2023-08-17 00:00:00,股息,2.18,"2,934.54",Apple Inc.,AAPL,13,0.24,,0.94,,
2023-08-10 00:00:00,股息,4.90,"2,932.36",Synchrony Financial,SYF,28,0.25,,2.10,,
2023-08-07 00:00:00,股息,2.03,"2,927.46",Delta Air Lines Inc,DAL,29,0.10,,0.87,,
2023-08-03 00:00:00,股息,0.14,"2,925.43",BNP PARIBAS ADR EACH REPR 1/2 O,BNPQY,33,0.00,,,,Foreign Tax Reclaim Adj國外退稅調整
2023-08-02 00:00:00,股息,42.80,"2,925.29",Danske Bank,DNKEY,116,0.52,1.16,16.26,,
2023-08-01 00:00:00,股息,8.35,"2,882.49",AT&T Inc.,T,43,0.28,,3.58,,
2023-08-01 00:00:00,股息,5.04,"2,874.14",Lincoln National Co,LNC,16,0.45,,2.16,,
2023-07-31 00:00:00,股息,35.33,"2,869.10",Centrica plc,CPYYY,390,0.10,4.82,,,
2023-07-31 00:00:00,股息,6.35,"2,833.77",TC Energy Corporation,TRP,12,0.71,,2.12,,
2023-07-28 00:00:00,利息,0.66,"2,827.42",,,,,,0.27,,
2023-07-25 00:00:00,股息,6.61,"2,826.76","American Financial Group, Inc.",AFG,15,0.63,,2.84,,
2023-07-24 00:00:00,買入,-973.35,"2,820.15",Koninklijke Philips ADR,PHG,45,21.63,,,Charles Schwab,
2023-07-17 00:00:00,股息,4.91,"3,793.50","Cardinal Health, Inc.",CAH,14,0.50,,2.10,,
2023-07-14 00:00:00,股息,8.17,"3,788.59",CI Financial Corp.,CIXXF,80,0.14,,2.73,,
2023-07-12 00:00:00,費用,-0.45,"3,780.42",Electrolux AB,ELUXY,,,,,,ADR管理費 0.46/23=0.02
2023-07-11 00:00:00,股息,2.59,"3,780.87",Central Japan Railway,CJPRY,75,0.05,0.52,0.56,,
2023-07-10 00:00:00,股息,5.58,"3,778.28",East Japan Railway,EJPRY,140,0.06,1.29,1.24,,
2023-07-07 00:00:00,賣出,"2,906.98","3,772.70","AutoNation, Inc.",AN,17,171.00,,0.02,Charles Schwab,
2023-07-03 00:00:00,股息,0.70,865.72,Paramount Global,PARA,20,0.05,,0.30,,
2023-06-30 00:00:00,賣出,25.00,865.02,F&G Annuities & Life,FG,1,25.00,,,Charles Schwab,
2023-06-30 00:00:00,股息,12.95,840.02,Simon Property Group Inc,SPG,10,1.85,,5.55,,
2023-06-30 00:00:00,股息,8.40,827.07,Kraft Heinz Co,KHC,30,0.40,,3.60,,
2023-06-30 00:00:00,股息,7.56,818.67,Fidelity National Financial Inc.,FNF,24,0.45,,3.24,,
2023-06-30 00:00:00,股息,5.85,811.11,Bank of America Corp,BAC,38,0.22,,2.51,,
2023-06-30 00:00:00,股息,0.14,805.26,F&G Annuities & Life,FG,1,0.20,,0.06,,
2023-06-29 00:00:00,股息,5.25,805.12,Goldman Sachs Group Inc,GS,3,2.50,,2.25,,
2023-06-29 00:00:00,利息,0.12,799.87,,,,,,0.04,,
2023-06-27 00:00:00,買入,"-1,022.00",799.75,PFIZER INC,PFE,28,36.50,,,Charles Schwab,
2023-06-26 00:00:00,股息,7.14,"1,821.75","Tapestry, Inc.",TPR,34,0.30,,3.06,,
2023-06-20 00:00:00,賣出,"1,399.99","1,814.61","Meta Platforms, Inc.",META,5,280.00,,0.01,Charles Schwab,
2023-06-20 00:00:00,股息,33.66,414.62,Marubeni Corp,MARUY,14,2.90,0.76,6.23,,
2023-06-20 00:00:00,股息,11.57,380.96,Manulife Financial Corp.,MFC,56,0.28,,3.86,,
2023-06-16 00:00:00,股息,6.94,369.39,RYDER SYSTEM INC,R,16,0.62,,2.98,,
2023-06-15 00:02:00,退費,0.41,362.45,UBS Group AG,UBS,,,,,,ADR管理費調整
2023-06-15 00:01:00,費用,-9.16,362.04,UBS Group AG,UBS,,,,,,ADR管理費
2023-06-15 00:00:00,股息,18.61,371.20,Unilever PLC,UL,40,0.47,0.20,,,
2023-06-15 00:00:00,股息,9.74,352.59,Tyson Foods Inc,TSN,29,0.48,,4.18,,
2023-06-15 00:00:00,股息,7.87,342.85,"Prudential Financial, Inc",PRU,9,1.25,,3.38,,
2023-06-13 00:00:00,股息,51.23,334.98,BNP PARIBAS ADR EACH REPR 1/2 O,BNPQY,33,2.10,0.66,17.30,,
2023-06-13 00:00:00,股息,8.82,283.75,Energizer Holdings Inc,ENR,42,0.30,,3.78,,
2023-06-13 00:00:00,股息,3.80,274.93,UBS Group AG,UBS,,,,,,"Cash In Lieu 06/13/2023 0.18683股 * $20.34 按22.48：1的換股比例,將所持瑞信(CS)股份將換為瑞銀(UBS)股份"
2023-06-12 00:00:00,股息,14.70,271.13,3M Co.,MMM,14,1.50,,6.30,,
2023-06-12 00:00:00,費用,-0.41,256.43,Credit Suisse Group,CS,,,,,,ADR管理費
2023-06-09 00:00:00,股息,6.47,256.84,Scotts Miracle-Gro Company,SMG,14,0.66,,2.77,,
2023-06-09 00:00:00,股息,5.21,250.37,Huntington Ingalls Industries Inc,HII,6,1.24,,2.23,,
2023-06-09 00:00:00,股息,4.79,245.16,Evercore Inc.,EVR,9,0.76,,2.05,,
2023-06-02 00:00:00,股息,6.90,240.37,Magna Intl Inc.,MGA,20,0.46,,2.30,,
2023-06-01 00:00:00,股息,7.28,233.47,Kroger Co.,KR,40,0.26,,3.12,,
2023-06-01 00:00:00,股息,6.30,226.19,Wells Fargo & Co,WFC,30,0.30,,2.70,,
2023-06-01 00:00:00,股息,2.94,219.89,CNA Financial Corporation,CNA,10,0.42,,1.26,,
2023-06-01 00:00:00,股息,0.87,216.95,Intel Corp.,INTC,10,0.12,,0.38,,
2023-05-31 00:00:00,股息,8.40,216.08,Assured Guaranty Ltd.,AGO,30,0.28,,,,
2023-05-30 00:00:00,利息,0.08,207.68,,,,,,0.03,,
2023-05-26 00:00:00,股息,60.89,207.60,"ALLIANZ SE UNSPON ADS EACH REP ",ALIZY,70,1.25,3.50,23.06,,
2023-05-26 00:00:00,股息,55.90,146.71,BAYERISCHE MOTOREN WERKE AG ADR,BMWYY,25,3.08,0.75,20.29,,
2023-05-26 00:00:00,股息,13.57,90.81,"Citigroup, Inc.",C,38,0.51,,5.81,,
2023-05-26 00:00:00,股息,3.36,77.24,Capital One Financial Corporati,COF,8,0.60,,1.44,,
2023-05-20 00:00:00,取款,-32.67,73.88,,,,,,,,台北富邦ATM提款新台幣1000
2023-05-18 00:00:00,股息,2.18,106.55,Apple Inc.,AAPL,13,0.24,,0.94,,
2023-05-15 00:00:00,股息,31.57,104.37,BAYER AG SPON ADR EACH REP 0.25,BAYRY,70,0.66,2.45,12.19,,
2023-05-12 00:00:00,股息,4.51,72.80,Synchrony Financial,SYF,28,0.23,,1.93,,
2023-05-04 00:00:00,買入,"-1,026.00",68.29,Bank of America Corp,BAC,38,27.00,,,Charles Schwab,
2023-05-01 00:00:00,股息,8.35,"1,094.29",AT&T Inc.,T,43,0.28,,3.58,,
2023-05-01 00:00:00,股息,5.04,"1,085.94",Lincoln National Co,LNC,16,0.45,,2.16,,
2023-04-28 00:00:00,股息,6.17,"1,080.90",TC Energy Corporation,TRP,12,0.69,,2.06,,
2023-04-27 00:00:00,利息,0.15,"1,074.73",,,,,,0.06,,
2023-04-25 00:00:00,股息,6.61,"1,074.58","American Financial Group, Inc.",AFG,15,0.63,,2.84,,
2023-04-17 00:00:00,股息,4.86,"1,067.97","Cardinal Health, Inc.",CAH,14,0.50,,2.08,,
2023-04-14 00:00:00,股息,8.06,"1,063.11",CI Financial Corp.,CIXXF,80,0.13,,2.69,,
2023-04-13 00:00:00,賣出,380.00,"1,055.05",SPDRR Gold Shares,GLD,2,190.00,,,Charles Schwab,
2023-04-04 00:00:00,賣出,558.00,675.05,SPDRR Gold Shares,GLD,3,186.00,,,Charles Schwab,
2023-04-03 00:00:00,股息,3.36,117.05,Paramount Global,PARA,20,0.24,,1.44,,
2023-03-31 00:00:00,股息,12.60,113.69,Simon Property Group Inc,SPG,10,1.80,,5.40,,
2023-03-31 00:00:00,股息,8.40,101.09,Kraft Heinz Co,KHC,30,0.40,,3.60,,
2023-03-31 00:00:00,股息,7.56,92.69,Fidelity National Financial Inc.,FNF,24,0.45,,3.24,,
2023-03-30 00:00:00,股息,5.25,85.13,Goldman Sachs Group Inc,GS,3,2.50,,2.25,,
2023-03-30 00:00:00,利息,0.03,79.88,,,,,,0.01,,
2023-03-27 00:00:00,股息,7.14,79.85,"Tapestry, Inc.",TPR,34,0.30,,3.06,,
2023-03-22 00:00:00,股息,8.40,72.71,Assured Guaranty Ltd.,AGO,30,0.28,,,,
2023-03-21 00:00:00,股息,18.08,64.31,Unilever PLC,UL,40,0.46,0.20,,,
2023-03-20 00:00:00,股息,11.20,46.23,Manulife Financial Corp.,MFC,56,0.27,,3.73,,
2023-03-17 00:00:00,股息,6.94,35.03,RYDER SYSTEM INC,R,16,0.62,,2.98,,
2023-03-16 00:00:00,股息,8.82,28.09,Energizer Holdings Inc,ENR,42,0.30,,3.78,,
2023-03-16 00:00:00,股息,7.87,19.27,"Prudential Financial, Inc",PRU,9,1.25,,3.38,,
2023-03-15 00:00:00,買入,-404.00,11.40,3M Co.,MMM,4,101.00,,,Charles Schwab,
2023-03-15 00:00:00,股息,9.74,415.40,Tyson Foods Inc,TSN,29,0.48,,4.18,,
2023-03-13 00:00:00,股息,10.50,405.66,3M Co.,MMM,10,1.50,,4.50,,
2023-03-10 00:00:00,股息,6.90,395.16,Magna Intl Inc.,MGA,20,0.46,,2.30,,
2023-03-10 00:00:00,股息,6.47,388.26,Scotts Miracle-Gro Company,SMG,14,0.66,,2.77,,
2023-03-10 00:00:00,股息,5.21,381.79,Huntington Ingalls Industries Inc,HII,6,1.24,,2.23,,
2023-03-10 00:00:00,股息,4.54,376.58,Evercore Inc.,EVR,9,0.72,,1.94,,
2023-03-09 00:00:00,股息,8.40,372.04,CNA Financial Corporation,CNA,10,1.20,,3.60,,
2023-03-09 00:00:00,股息,2.94,363.64,CNA Financial Corporation,CNA,10,0.42,,1.26,,
2023-03-01 00:00:00,股息,7.28,360.70,Kroger Co.,KR,40,0.26,,3.12,,
2023-03-01 00:00:00,股息,6.30,353.42,Wells Fargo & Co,WFC,30,0.30,,2.70,,
2023-03-01 00:00:00,股息,2.55,347.12,Intel Corp.,INTC,10,0.36,,1.10,,
2023-02-28 00:00:00,股息,42.00,344.57,"American Financial Group, Inc.",AFG,15,4.00,,18.00,,Special 股息
2023-02-24 00:00:00,股息,13.57,302.57,"Citigroup, Inc.",C,38,0.51,,5.81,,
2023-02-17 00:00:00,股息,4.51,289.00,Synchrony Financial,SYF,28,0.23,,1.93,,
2023-02-17 00:00:00,股息,3.36,284.49,Capital One Financial Corporati,COF,8,0.60,,1.44,,
2023-02-16 00:00:00,股息,2.09,281.13,Apple Inc.,AAPL,13,0.23,,0.90,,
2023-02-01 00:00:00,股息,8.35,279.04,AT&T Inc.,T,43,0.28,,3.58,,
2023-02-01 00:00:00,股息,5.04,270.69,Lincoln National Co,LNC,16,0.45,,2.16,,
2023-01-31 00:00:00,股息,6.07,265.65,TC Energy Corporation,TRP,12,0.68,,2.03,,
2023-01-30 00:00:00,股息,0.14,259.58,F&G Annuities & Life,FG,1,0.20,,0.06,,
2023-01-25 00:00:00,股息,6.61,259.44,"American Financial Group, Inc.",AFG,15,0.63,,2.84,,
2023-01-17 00:00:00,股息,4.86,252.83,"Cardinal Health, Inc.",CAH,14,0.50,,2.08,,
2023-01-13 00:00:00,股息,8.06,247.97,CI Financial Corp.,CIXXF,80,0.13,,2.69,,
2023-01-03 00:00:00,股息,3.36,239.91,Paramount Global,PARA,20,0.24,,1.44,,
2022-12-30 00:00:00,股息,12.60,236.55,Simon Property Group Inc,SPG,10,1.80,,5.40,,
2022-12-30 00:00:00,股息,8.40,223.95,Kraft Heinz Co,KHC,30,0.40,,3.60,,
2022-12-30 00:00:00,股息,7.56,215.55,Fidelity National Financial Inc.,FNF,24,0.45,,3.24,,
2022-12-29 00:00:00,股息,5.25,207.99,Goldman Sachs Group Inc,GS,3,2.50,,2.25,,
2022-12-27 00:00:00,股息,7.14,202.74,"Tapestry, Inc.",TPR,34,0.30,,3.06,,
2022-12-21 00:00:00,股息,11.78,195.60,Fidelity National Financial Inc.,FNF,24,0.49,,,,"Cash In Lieu 每持有 1,000 股 FNF 股份將獲得 68 股 F&G 股份"
2022-12-20 00:00:00,股息,21.90,183.82,Credit Suisse Group,CS,229,0.11,2.29,,,配股 Unissued Rights Redemption
2022-12-19 00:00:00,股息,10.16,161.92,Manulife Financial Corp.,MFC,56,0.24,,3.39,,
2022-12-16 00:00:00,股息,8.82,151.76,Energizer Holdings Inc,ENR,42,0.30,,3.78,,
2022-12-16 00:00:00,股息,6.94,142.94,RYDER SYSTEM INC,R,16,0.62,,2.98,,
2022-12-16 00:00:00,股息,5.96,136.00,East Japan Railway,EJPRY,140,0.06,1.29,1.31,,
2022-12-16 00:00:00,股息,2.51,130.04,Central Japan Railway,CJPRY,75,0.05,0.52,0.55,,
2022-12-15 00:00:00,股息,31.84,127.53,Marubeni Corp,MARUY,14,2.75,0.76,5.89,,
2022-12-15 00:00:00,股息,8.40,95.69,Tyson Foods Inc,TSN,29,0.41,,3.60,,
2022-12-15 00:00:00,股息,7.56,87.29,"Prudential Financial, Inc",PRU,9,1.20,,3.24,,
2022-12-12 00:00:00,股息,10.43,79.73,3M Co.,MMM,10,1.49,,4.47,,
2022-12-09 00:00:00,買入,-253.80,69.30,Tyson Foods Inc,TSN,4,63.45,,,Charles Schwab,
2022-12-09 00:00:00,股息,16.64,323.10,Unilever PLC,UL,40,0.42,0.20,,,
2022-12-09 00:00:00,股息,6.47,306.46,Scotts Miracle-Gro Company,SMG,14,0.66,,2.77,,
2022-12-09 00:00:00,股息,5.21,299.99,Huntington Ingalls Industries Inc,HII,6,1.24,,2.23,,
2022-12-09 00:00:00,股息,4.54,294.78,Evercore Inc.,EVR,9,0.72,,1.94,,
2022-12-09 00:00:00,費用,-3.48,290.24,Danske Bank,DNKEY,,,,,,ADR管理費
2022-12-02 00:00:00,股息,6.75,293.72,Magna Intl Inc.,MGA,20,0.45,,2.25,,
2022-12-01 00:00:00,買入,-19.13,286.97,F&G Annuities & Life,FG,1,19.13,,,Charles Schwab,FNF Spin-off
2022-12-01 00:00:00,股息,19.13,306.10,Fidelity National Financial Inc.,FNF,24,0.80,,,,FNF Spin-off
2022-12-01 00:00:00,股息,7.28,286.97,Kroger Co.,KR,40,0.26,,3.12,,
2022-12-01 00:00:00,股息,6.30,279.69,Wells Fargo & Co,WFC,30,0.30,,2.70,,
2022-12-01 00:00:00,股息,2.80,273.39,CNA Financial Corporation,CNA,10,0.40,,1.20,,
2022-12-01 00:00:00,股息,2.55,270.59,Intel Corp.,INTC,10,0.36,,1.10,,
2022-11-30 00:00:00,股息,7.50,268.04,Assured Guaranty Ltd.,AGO,30,0.25,,,,
2022-11-28 00:00:00,股息,16.33,260.54,Centrica plc,CPYYY,390,0.05,2.23,,,
2022-11-25 00:00:00,股息,3.36,244.21,Capital One Financial Corporati,COF,8,0.60,,1.44,,
2022-11-23 00:00:00,股息,13.57,240.85,"Citigroup, Inc.",C,38,0.51,,5.81,,
2022-11-22 00:00:00,股息,21.00,227.28,"American Financial Group, Inc.",AFG,15,2.00,,9.00,,Special 股息
2022-11-10 00:00:00,股息,4.51,206.28,Synchrony Financial,SYF,28,0.23,,1.93,,
2022-11-10 00:00:00,股息,2.09,201.77,Apple Inc.,AAPL,13,0.23,,0.90,,
2022-11-01 00:00:00,股息,8.35,199.68,AT&T Inc.,T,43,0.28,,3.58,,
2022-11-01 00:00:00,股息,5.04,191.33,Lincoln National Co,LNC,16,0.45,,2.16,,
2022-10-31 00:00:00,股息,5.93,186.29,TC Energy Corporation,TRP,12,0.66,,1.98,,
2022-10-25 00:00:00,股息,6.61,180.36,"American Financial Group, Inc.",AFG,15,0.63,,2.84,,
2022-10-18 00:00:00,股息,12.93,173.75,Electrolux AB,ELUXY,23,0.83,0.46,5.74,,
2022-10-17 00:00:00,股息,4.86,160.82,"Cardinal Health, Inc.",CAH,14,0.50,,2.08,,
2022-10-14 00:00:00,股息,7.78,155.96,CI Financial Corp.,CIXXF,80,0.13,,2.59,,
2022-10-03 00:00:00,股息,3.36,148.18,Paramount Global,PARA,20,0.24,,1.44,,
2022-10-03 00:00:00,股息,0.45,144.82,Spirit AeroSystems Holdings Inc,SPR,65,0.01,,0.20,,
2022-09-30 00:00:00,股息,12.25,144.37,Simon Property Group Inc,SPG,10,1.75,,5.25,,
2022-09-30 00:00:00,股息,7.39,132.12,Fidelity National Financial Inc.,FNF,24,0.44,,3.17,,
2022-09-29 00:00:00,股息,5.25,124.73,Goldman Sachs Group Inc,GS,3,2.50,,2.25,,
2022-09-26 00:00:00,股息,7.14,119.48,"Tapestry, Inc.",TPR,34,0.30,,3.06,,
2022-09-23 00:00:00,股息,8.40,112.34,Kraft Heinz Co,KHC,30,0.40,,3.60,,
2022-09-19 00:00:00,股息,10.43,103.94,Manulife Financial Corp.,MFC,56,0.25,,3.48,,
2022-09-16 00:00:00,買入,-380.00,93.51,CNA Financial Corporation,CNA,10,38.00,,,Charles Schwab,
2022-09-16 00:00:00,股息,6.94,473.51,RYDER SYSTEM INC,R,16,0.62,,2.98,,
2022-09-15 00:00:00,股息,8.05,466.57,Tyson Foods Inc,TSN,25,0.46,,3.45,,
2022-09-15 00:00:00,股息,7.56,458.52,"Prudential Financial, Inc",PRU,9,1.20,,3.24,,
2022-09-13 00:00:00,股息,8.82,450.96,Energizer Holdings Inc,ENR,42,0.30,,3.78,,
2022-09-12 00:00:00,股息,10.43,442.14,3M Co.,MMM,10,1.49,,4.47,,
2022-09-09 00:00:00,股息,6.47,431.71,Scotts Miracle-Gro Company,SMG,14,0.66,,2.77,,
2022-09-09 00:00:00,股息,4.96,425.24,Huntington Ingalls Industries Inc,HII,6,1.18,,2.12,,
2022-09-09 00:00:00,股息,4.54,420.28,Evercore Inc.,EVR,9,0.72,,1.94,,
2022-09-01 00:00:00,股息,17.17,415.74,Unilever PLC,UL,40,0.43,0.20,,,
2022-09-01 00:00:00,股息,7.50,398.57,Assured Guaranty Ltd.,AGO,30,0.25,,,,
2022-09-01 00:00:00,股息,7.28,391.07,Kroger Co.,KR,40,0.26,,3.12,,
2022-09-01 00:00:00,股息,6.30,383.79,Wells Fargo & Co,WFC,30,0.30,,2.70,,
2022-09-01 00:00:00,股息,2.55,377.49,Intel Corp.,INTC,10,0.36,,1.10,,
2022-08-30 00:00:00,利息,0.33,374.94,,,,,,0.13,,
2022-08-26 00:00:00,股息,13.57,374.61,"Citigroup, Inc.",C,38,0.51,,5.81,,
2022-08-26 00:00:00,股息,6.75,361.04,Magna Intl Inc.,MGA,20,0.45,,2.25,,
2022-08-22 00:00:00,買入,"-1,050.00",354.29,Scotts Miracle-Gro Company,SMG,14,75.00,,,Charles Schwab,
2022-08-19 00:00:00,買入,-896.00,"1,404.29",Capital One Financial Corporati,COF,8,112.00,,,Charles Schwab,
2022-08-11 00:00:00,股息,4.51,"2,300.29",Synchrony Financial,SYF,28,0.23,,1.93,,
2022-08-11 00:00:00,股息,2.09,"2,295.78",Apple Inc.,AAPL,13,0.23,,0.90,,
2022-08-01 00:00:00,股息,8.35,"2,293.69",AT&T Inc.,T,43,0.28,,3.58,,
2022-08-01 00:00:00,股息,5.04,"2,285.34",Lincoln National Co,LNC,16,0.45,,2.16,,
2022-07-29 00:00:00,股息,6.31,"2,280.30",TC Energy Corporation,TRP,12,0.70,,2.11,,
2022-07-29 00:00:00,利息,0.21,"2,273.99",,,,,,0.08,,
2022-07-25 00:00:00,股息,5.88,"2,273.78","American Financial Group, Inc.",AFG,15,0.56,,2.52,,
2022-07-15 00:00:00,股息,8.28,"2,267.90",CI Financial Corp.,CIXXF,80,0.14,,2.76,,
2022-07-15 00:00:00,股息,4.86,"2,259.62","Cardinal Health, Inc.",CAH,14,0.50,,2.08,,
2022-07-11 00:00:00,股息,2.54,"2,254.76",Central Japan Railway,CJPRY,75,0.05,0.52,0.55,,
2022-07-08 00:00:00,股息,6.03,"2,252.22",East Japan Railway,EJPRY,140,0.06,1.30,1.33,,
2022-07-07 00:00:00,股息,0.45,"2,246.19",Spirit AeroSystems Holdings Inc,SPR,65,0.01,,0.20,,
2022-07-01 00:00:00,股息,3.36,"2,245.74",Paramount Global,PARA,20,0.24,,1.44,,
2022-06-30 00:00:00,股息,11.90,"2,242.38",Simon Property Group Inc,SPG,10,1.70,,5.10,,
2022-06-30 00:00:00,股息,7.39,"2,230.48",Fidelity National Financial Inc.,FNF,24,0.44,,3.17,,
2022-06-29 00:00:00,利息,0.04,"2,223.09",,,,,,0.01,,
2022-06-27 00:00:00,股息,5.95,"2,223.05","Tapestry, Inc.",TPR,34,0.25,,2.55,,
2022-06-24 00:00:00,股息,8.40,"2,217.10",Kraft Heinz Co,KHC,30,0.40,,3.60,,
2022-06-23 00:00:00,股息,7.51,"2,208.70",Credit Suisse Group,CS,229,0.05,,4.04,,
2022-06-21 00:00:00,股息,32.20,"2,201.19",Marubeni Corp,MARUY,14,2.78,0.76,5.96,,
2022-06-19 00:00:00,股息,4.20,"2,168.99",Goldman Sachs Group Inc,GS,3,2.00,,1.80,,
2022-06-17 00:00:00,股息,8.82,"2,164.79",Energizer Holdings Inc,ENR,42,0.30,,3.78,,
2022-06-17 00:00:00,股息,6.50,"2,155.97",RYDER SYSTEM INC,R,16,0.58,,2.78,,
2022-06-16 00:00:00,股息,8.11,"2,149.47",Unilever PLC,UL,40,0.20,0.09,,,
2022-06-16 00:00:00,股息,7.56,"2,141.36","Prudential Financial, Inc",PRU,9,1.20,,3.24,,
2022-06-15 00:00:00,股息,8.05,"2,133.80",Tyson Foods Inc,TSN,25,0.46,,3.45,,
2022-06-14 00:00:00,股息,47.76,"2,125.75",BNP PARIBAS ADR EACH REPR 1/2 O,BNPQY,33,1.96,0.66,16.14,,
2022-06-10 00:00:00,買入,"-1,400.00","2,077.99",3M Co.,MMM,10,140.00,,,Charles Schwab,
2022-06-10 00:00:00,買入,"-1,008.00","3,477.99",Manulife Financial Corp.,MFC,56,18.00,,,Charles Schwab,
2022-06-10 00:00:00,股息,4.96,"4,485.99",Huntington Ingalls Industries Inc,HII,6,1.18,,2.12,,
2022-06-10 00:00:00,股息,4.54,"4,481.03",Evercore Inc.,EVR,9,0.72,,1.94,,
2022-06-01 00:00:00,股息,7.50,"4,476.49",Assured Guaranty Ltd.,AGO,30,0.25,,,,
2022-06-01 00:00:00,股息,5.88,"4,468.99",Kroger Co.,KR,40,0.21,,2.52,,
2022-06-01 00:00:00,股息,5.25,"4,463.11",Wells Fargo & Co,WFC,30,0.25,,2.25,,
2022-06-01 00:00:00,股息,2.55,"4,457.86",Intel Corp.,INTC,10,0.36,,1.10,,
2022-05-27 00:00:00,股息,84.00,"4,455.31","American Financial Group, Inc.",AFG,15,8.00,,36.00,,Special 股息
2022-05-27 00:00:00,股息,54.97,"4,371.31","ALLIANZ SE UNSPON ADS EACH REP ",ALIZY,70,1.13,3.50,20.95,,
2022-05-27 00:00:00,股息,13.57,"4,316.34","Citigroup, Inc.",C,38,0.51,,5.81,,
2022-05-27 00:00:00,股息,6.75,"4,302.77",Magna Intl Inc.,MGA,20,0.45,,2.25,,
2022-05-26 00:00:00,股息,36.25,"4,296.02",BAYERISCHE MOTOREN WERKE AG ADR,BMWYY,25,2.01,0.75,13.25,,
2022-05-20 00:00:00,買入,-945.00,"4,259.77",Apple Inc.,AAPL,7,135.00,,,Charles Schwab,
2022-05-19 00:00:00,買入,-945.56,"5,204.77",Unilever PLC,UL,22,42.98,,,Charles Schwab,
2022-05-16 00:00:00,股息,24.64,"6,150.33",BAYER AG SPON ADR EACH REP 0.25,BAYRY,70,0.53,2.45,9.71,,
2022-05-12 00:00:00,股息,4.31,"6,125.69",Synchrony Financial,SYF,28,0.22,,1.85,,
2022-05-12 00:00:00,股息,0.97,"6,121.38",Apple Inc.,AAPL,6,0.23,,0.41,,
2022-05-09 00:00:00,股息,11.54,"6,120.41",Credit Suisse Group,CS,229,0.05,,,,
2022-05-06 00:00:00,買入,"-1,020.00","6,108.87","Tapestry, Inc.",TPR,34,30.00,,,Charles Schwab,
2022-05-06 00:00:00,買入,"-1,000.00","7,128.87",CI Financial Corp.,CIXXF,80,12.50,,,Charles Schwab,
2022-05-02 00:00:00,股息,8.35,"8,128.87",AT&T Inc.,T,43,0.28,,3.58,,
2022-05-02 00:00:00,股息,5.04,"8,120.52",Lincoln National Co,LNC,16,0.45,,2.16,,
2022-04-29 00:00:00,股息,6.31,"8,115.48",TC Energy Corporation,TRP,12,0.70,,2.11,,
2022-04-27 00:00:00,買入,-494.00,"8,109.17",O-I Glass Inc,OI,38,13.00,,,Charles Schwab,
2022-04-25 00:00:00,買入,"-1,026.81","8,603.17","Prudential Financial, Inc",PRU,9,114.09,,,Charles Schwab,
2022-04-25 00:00:00,買入,-504.00,"9,629.98",Credit Suisse Group,CS,72,7.00,,,Charles Schwab,
2022-04-25 00:00:00,股息,5.88,"10,133.98","American Financial Group, Inc.",AFG,15,0.56,,2.52,,
2022-04-22 00:00:00,買入,"-1,080.00","10,128.10",RYDER SYSTEM INC,R,16,67.50,,,Charles Schwab,
2022-04-22 00:00:00,買入,"-1,048.80","11,208.10","Citigroup, Inc.",C,20,52.44,,,Charles Schwab,
2022-04-19 00:00:00,股息,15.18,"12,256.90",Electrolux AB,ELUXY,23,0.97,0.46,6.70,,
2022-04-18 00:00:00,股息,4.81,"12,241.72","Cardinal Health, Inc.",CAH,14,0.49,,2.06,,
2022-04-13 00:00:00,買入,"-1,008.00","12,236.91",Fidelity National Financial Inc.,FNF,24,42.00,,,Charles Schwab,
2022-04-13 00:00:00,股息,10.91,"13,244.91",AT&T Inc.,T,43,0.25,,,,Cash In Lieu  1股AT&T股票，可獲得0.241917股Warner Bros. Discovery股票  43*0.241917=10.402431
2022-04-11 00:00:00,買入,-247.80,"13,234.00",Discovery,WBD,10,24.78,,,Charles Schwab,T Spin-Off
2022-04-11 00:00:00,股息,247.80,"13,481.80",AT&T Inc.,T,43,5.76,,,,T Spin-Off
2022-04-08 00:00:00,賣出,"1,679.99","13,234.00",Shell PLC,SHEL,30,56.00,,0.01,Charles Schwab,
2022-04-08 00:00:00,股息,0.45,"11,554.01",Spirit AeroSystems Holdings Inc,SPR,65,0.01,,0.20,,
2022-04-04 00:00:00,買入,"-1,040.00","11,553.56",Lincoln National Co,LNC,16,65.00,,,Charles Schwab,
2022-04-01 00:00:00,股息,3.36,"12,593.56",Paramount Global,PARA,20,0.24,,1.44,,
2022-03-31 00:00:00,股息,11.55,"12,590.20",Simon Property Group Inc,SPG,10,1.65,,4.95,,
2022-03-29 17:00:00,費用,-25.00,"12,578.65",,,,,,,,中轉銀行費用
2022-03-29 16:00:15,轉入,"11,240.00","12,603.65",,,,,,,TWBank,"匯率28.1985  TWD$316,951.14 匯費 ＄300+＄81(11240.00*0.025％*28.75)"
2022-03-29 00:00:00,股息,11.34,"1,363.65",Danske Bank,DNKEY,116,0.15,1.16,4.62,,
2022-03-28 00:00:00,買入,-860.00,"1,352.31",Tyson Foods Inc,TSN,10,86.00,,,Charles Schwab,
2022-03-28 00:00:00,股息,14.40,"2,212.31",Shell PLC,SHEL,30,0.48,,,,
2022-03-25 00:00:00,股息,8.40,"2,197.91",Kraft Heinz Co,KHC,30,0.40,,3.60,,
2022-03-24 00:00:00,買入,"-1,005.00","2,189.51",Goldman Sachs Group Inc,GS,3,335.00,,,Charles Schwab,
2022-03-23 00:00:00,股息,7.50,"3,194.51",Assured Guaranty Ltd.,AGO,30,0.25,,,,
2022-03-22 00:00:00,買入,-990.00,"3,187.01",Apple Inc.,AAPL,6,165.00,,,Charles Schwab,
2022-03-22 00:00:00,股息,21.00,"4,177.01","American Financial Group, Inc.",AFG,15,2.00,,9.00,,Special 股息
2022-03-22 00:00:00,股息,8.68,"4,156.01",Unilever PLC,UL,18,0.49,0.09,,,
2022-03-16 00:00:00,買入,-496.00,"4,147.33",Credit Suisse Group,CS,62,8.00,,,Charles Schwab,
2022-03-16 00:00:00,買入,-480.00,"4,643.33",Energizer Holdings Inc,ENR,16,30.00,,,Charles Schwab,
2022-03-16 00:00:00,股息,5.46,"5,123.33",Energizer Holdings Inc,ENR,26,0.30,,2.34,,
2022-03-15 00:00:00,股息,4.83,"5,117.87",Tyson Foods Inc,TSN,15,0.46,,2.07,,
2022-03-11 00:00:00,買入,"-1,012.50","5,113.04",Evercore Inc.,EVR,9,112.50,,,Charles Schwab,
2022-03-11 00:00:00,買入,-980.00,"6,125.54",Synchrony Financial,SYF,28,35.00,,,Charles Schwab,
2022-03-11 00:00:00,股息,6.75,"7,105.54",Magna Intl Inc.,MGA,20,0.45,,2.25,,
2022-03-11 00:00:00,股息,4.96,"7,098.79",Huntington Ingalls Industries Inc,HII,6,1.18,,2.12,,
2022-03-10 00:00:00,買入,-990.00,"7,093.83","Citigroup, Inc.",C,18,55.00,,,Charles Schwab,
2022-03-01 00:00:00,股息,5.88,"8,083.83",Kroger Co.,KR,40,0.21,,2.52,,
2022-03-01 00:00:00,股息,5.25,"8,077.95",Wells Fargo & Co,WFC,30,0.25,,2.25,,
2022-03-01 00:00:00,股息,2.55,"8,072.70",Intel Corp.,INTC,10,0.36,,1.10,,
2022-02-28 00:00:00,買入,"-1,010.50","8,070.15",AT&T Inc.,T,43,23.50,,,Charles Schwab,
2022-02-28 00:00:00,買入,-971.46,"9,080.65",BNP PARIBAS ADR EACH REPR 1/2 O,BNPQY,33,29.14,6.95,2.89,Charles Schwab,
2022-01-31 00:00:00,股息,6.15,"10,052.11",TC Energy Corporation,TRP,12,0.68,,2.05,,
2022-01-25 00:00:00,股息,5.88,"10,045.96","American Financial Group, Inc.",AFG,15,0.56,,2.52,,
2022-01-18 00:00:00,股息,4.81,"10,040.08","Cardinal Health, Inc.",CAH,14,0.49,,2.06,,
2022-01-03 00:00:00,股息,3.36,"10,035.27",Paramount Global,PARA,20,0.24,,1.44,,
2022-01-03 00:00:00,股息,0.45,"10,031.91",Spirit AeroSystems Holdings Inc,SPR,65,0.01,,0.20,,
2021-12-31 00:00:00,股息,11.55,"10,031.46",Simon Property Group Inc,SPG,10,1.65,,4.95,,
2021-12-30 00:00:00,股息,21.00,"10,019.91","American Financial Group, Inc.",AFG,15,2.00,,9.00,,Special 股息
2021-12-22 00:00:00,買入,"-1,050.00","9,998.91",Kraft Heinz Co,KHC,30,35.00,,,Charles Schwab,
2021-12-20 00:00:00,股息,14.40,"11,048.91",Shell PLC,SHEL,30,0.48,,,,
2021-12-16 00:00:00,股息,1.58,"11,034.51",Central Japan Railway,CJPRY,75,0.03,0.37,0.35,,
2021-12-15 00:00:00,股息,25.96,"11,032.93",Marubeni Corp,MARUY,14,2.25,0.76,4.83,,
2021-12-15 00:00:00,股息,4.83,"11,006.97",Tyson Foods Inc,TSN,15,0.46,,2.07,,
2021-12-13 00:00:00,買入,"-1,014.00","11,002.14",Energizer Holdings Inc,ENR,26,39.00,,,Charles Schwab,
2021-12-10 00:00:00,股息,4.96,"12,016.14",Huntington Ingalls Industries Inc,HII,6,1.18,,2.12,,
2021-12-09 00:00:00,費用,-3.45,"12,011.18",Danske Bank,DNKEY,,,,,,ADR管理費
2021-12-07 00:00:00,股息,4.61,"12,014.63",East Japan Railway,EJPRY,140,0.05,1.06,1.02,,
2021-12-03 00:00:00,股息,6.45,"12,010.02",Magna Intl Inc.,MGA,20,0.43,,2.15,,
2021-12-01 00:00:00,股息,8.87,"12,003.57",Unilever PLC,UL,18,0.50,0.09,,,
2021-12-01 00:00:00,股息,6.60,"11,994.70",Assured Guaranty Ltd.,AGO,30,0.22,,,,
2021-12-01 00:00:00,股息,5.88,"11,988.10",Kroger Co.,KR,40,0.21,,2.52,,
2021-12-01 00:00:00,股息,4.20,"11,982.22",Wells Fargo & Co,WFC,30,0.20,,1.80,,
2021-12-01 00:00:00,股息,2.44,"11,978.02",Intel Corp.,INTC,10,0.35,,1.04,,
2021-11-29 00:00:00,買入,-460.23,"11,975.58",East Japan Railway,EJPRY,46,10.01,,,Charles Schwab,
2021-11-26 00:00:00,買入,-651.30,"12,435.81","ALLIANZ SE UNSPON ADS EACH REP ",ALIZY,30,21.71,,,Charles Schwab,
2021-11-26 00:00:00,買入,-495.25,"13,087.11",Central Japan Railway,CJPRY,35,14.15,,,Charles Schwab,
2021-11-26 00:00:00,買入,-487.20,"13,582.36",Centrica plc,CPYYY,140,3.48,,,Charles Schwab,
2021-11-24 00:00:00,買入,-495.06,"14,069.56",BAYER AG SPON ADR EACH REP 0.25,BAYRY,37,13.38,,,Charles Schwab,
2021-11-24 00:00:00,買入,-449.54,"14,564.62",Electrolux AB,ELUXY,10,44.95,,,Charles Schwab,
2021-11-23 00:00:00,買入,-20.00,"15,014.16",East Japan Railway,EJPRY,2,10.00,,,Charles Schwab,
2021-11-22 00:00:00,股息,42.00,"15,034.16","American Financial Group, Inc.",AFG,15,4.00,,18.00,,Special 股息
2021-11-16 00:00:00,股息,35.98,"14,992.16",Electrolux AB,ELUXY,13,3.98,0.26,15.53,,
2021-10-29 00:00:00,股息,6.31,"14,956.18",TC Energy Corporation,TRP,12,0.70,,2.10,,
2021-10-25 00:00:00,股息,5.88,"14,949.87","American Financial Group, Inc.",AFG,15,0.56,,2.52,,
2021-10-15 00:00:00,股息,8.06,"14,943.99",Electrolux AB,ELUXY,13,0.91,0.26,3.56,,
2021-10-15 00:00:00,股息,4.81,"14,935.93","Cardinal Health, Inc.",CAH,14,0.49,,2.06,,
2021-10-05 00:00:00,股息,42.00,"14,931.12","American Financial Group, Inc.",AFG,15,4.00,,18.00,,Special 股息
2021-10-04 00:00:00,股息,0.45,"14,889.12",Spirit AeroSystems Holdings Inc,SPR,65,0.01,,0.20,,
2021-10-01 00:00:00,股息,3.36,"14,888.67",Paramount Global,PARA,20,0.24,,1.44,,
2021-09-30 00:00:00,股息,10.50,"14,885.31",Simon Property Group Inc,SPG,10,1.50,,4.50,,
2021-09-20 00:00:00,股息,14.40,"14,874.81",Shell PLC,SHEL,30,0.48,,,,
2021-09-15 00:00:00,股息,4.68,"14,860.41",Tyson Foods Inc,TSN,15,0.45,,2.00,,
2021-09-10 00:00:00,股息,4.79,"14,855.73",Huntington Ingalls Industries Inc,HII,6,1.14,,2.05,,
2021-09-08 00:00:00,股息,8.97,"14,850.94",Unilever PLC,UL,18,0.50,0.09,,,
2021-09-03 00:00:00,股息,6.45,"14,841.97",Magna Intl Inc.,MGA,20,0.43,,2.15,,
2021-09-01 00:00:00,股息,6.60,"14,835.52",Assured Guaranty Ltd.,AGO,30,0.22,,,,
2021-09-01 00:00:00,股息,5.88,"14,828.92",Kroger Co.,KR,40,0.21,,2.52,,
2021-09-01 00:00:00,股息,4.20,"14,823.04",Wells Fargo & Co,WFC,30,0.20,,1.80,,
2021-09-01 00:00:00,股息,2.44,"14,818.84",Intel Corp.,INTC,10,0.35,,1.04,,
2021-08-02 00:00:00,股息,21.00,"14,816.40","American Financial Group, Inc.",AFG,15,2.00,,9.00,,Special 股息
2021-07-30 00:00:00,買入,-495.00,"14,795.40",BAYER AG SPON ADR EACH REP 0.25,BAYRY,33,15.00,,,Charles Schwab,
2021-07-30 00:00:00,股息,6.28,"15,290.40",TC Energy Corporation,TRP,12,0.70,,2.09,,
2021-07-26 00:00:00,股息,5.25,"15,284.12","American Financial Group, Inc.",AFG,15,0.50,,2.25,,
2021-07-23 00:00:00,股息,9.80,"15,278.87",Simon Property Group Inc,SPG,10,1.40,,4.20,,
2021-07-15 00:00:00,股息,4.81,"15,269.07","Cardinal Health, Inc.",CAH,14,0.49,,2.06,,
2021-07-14 00:00:00,股息,5.01,"15,264.26",East Japan Railway,EJPRY,92,0.07,0.83,1.06,,
2021-07-12 00:00:00,賣出,"1,683.59","15,259.25",G4S plc,GFSZY,100,16.89,5.00,,Charles Schwab,ADR管理費$5
2021-07-09 00:00:00,股息,1.62,"13,575.66",Central Japan Railway,CJPRY,40,0.06,0.37,0.36,,
2021-07-06 00:00:00,股息,0.45,"13,574.04",Spirit AeroSystems Holdings Inc,SPR,65,0.01,,0.20,,
2021-07-01 00:00:00,股息,3.36,"13,573.59",Paramount Global,PARA,20,0.24,,1.44,,
2021-06-21 00:00:00,股息,10.41,"13,570.23",Shell PLC,SHEL,30,0.35,,,,
2021-06-21 00:00:00,股息,3.39,"13,559.82",Credit Suisse Group,CS,95,0.05,,1.83,,
2021-06-18 00:00:00,股息,22.99,"13,556.43",Marubeni Corp,MARUY,14,2.00,0.76,4.29,,
2021-06-15 00:00:00,股息,147.00,"13,533.44","American Financial Group, Inc.",AFG,15,14.00,,63.00,,Special 股息
2021-06-15 00:00:00,股息,4.68,"13,386.44",Tyson Foods Inc,TSN,15,0.45,,2.00,,
2021-06-11 00:00:00,股息,4.79,"13,381.76",Huntington Ingalls Industries Inc,HII,6,1.14,,2.05,,
2021-06-10 00:00:00,股息,9.20,"13,376.97",Unilever PLC,UL,18,0.52,0.09,,,
2021-06-09 00:00:00,賣出,582.20,"13,367.77",GEO Group Inc.,GEO,71,8.20,,,Charles Schwab,
2021-06-04 00:00:00,股息,6.45,"12,785.57",Magna Intl Inc.,MGA,20,0.43,,2.15,,
2021-06-02 00:00:00,股息,6.60,"12,779.12",Assured Guaranty Ltd.,AGO,30,0.22,,,,
2021-06-01 00:00:00,股息,5.04,"12,772.52",Kroger Co.,KR,40,0.18,,2.16,,
2021-06-01 00:00:00,股息,2.44,"12,767.48",Intel Corp.,INTC,10,0.35,,1.04,,
2021-06-01 00:00:00,股息,2.10,"12,765.04",Wells Fargo & Co,WFC,30,0.10,,0.90,,
2021-05-28 00:00:00,股息,32.32,"12,762.94","ALLIANZ SE UNSPON ADS EACH REP ",ALIZY,40,1.17,2.00,12.30,,
2021-05-28 00:00:00,股息,13.45,"12,730.62",BAYERISCHE MOTOREN WERKE AG ADR,BMWYY,25,0.77,0.75,5.09,,
2021-05-10 00:00:00,賣出,"1,329.99","12,717.17","(原名LB)Bath & Body Works, Inc.",BBWI,19,70.00,,0.01,Charles Schwab,
2021-05-04 00:00:00,股息,5.22,"11,387.18",Credit Suisse Group,CS,95,0.05,,,,
2021-04-30 00:00:00,股息,6.37,"11,381.96",TC Energy Corporation,TRP,12,0.71,,2.12,,
2021-04-29 00:00:00,賣出,500.96,"11,375.59",CoreCivic Inc.,CXW,62,8.08,,,Charles Schwab,
2021-04-26 00:00:00,股息,5.25,"10,874.63","American Financial Group, Inc.",AFG,15,0.50,,2.25,,
2021-04-23 00:00:00,股息,9.10,"10,869.38",Simon Property Group Inc,SPG,10,1.30,,3.90,,
2021-04-15 00:00:00,股息,4.76,"10,860.28","Cardinal Health, Inc.",CAH,14,0.49,,2.04,,
2021-04-14 00:00:00,股息,8.10,"10,855.52",Electrolux AB,ELUXY,13,0.92,0.26,3.58,,
2021-04-09 00:00:00,股息,0.45,"10,847.42",Spirit AeroSystems Holdings Inc,SPR,65,0.01,,0.20,,
2021-04-07 00:00:00,買入,-496.00,"10,846.97",CoreCivic Inc.,CXW,62,8.00,,,Charles Schwab,
2021-04-07 00:00:00,買入,-469.31,"11,342.97",GEO Group Inc.,GEO,71,6.61,,,Charles Schwab,
2021-04-05 00:00:00,買入,"-1,035.50","11,812.28",Credit Suisse Group,CS,95,10.90,,,Charles Schwab,
2021-04-05 00:00:00,買入,-478.00,"12,847.78",Carnival PLC,CUK,20,23.90,,,Charles Schwab,
2021-04-01 00:00:00,股息,3.36,"13,325.78",Paramount Global,PARA,20,0.24,,1.44,,
2021-03-26 00:00:00,股息,12.38,"13,322.42",Danske Bank,DNKEY,116,0.16,1.16,5.01,,
2021-03-26 00:00:00,股息,9.99,"13,310.04",Shell PLC,SHEL,30,0.33,,,,
2021-03-25 00:00:00,賣出,943.20,"13,300.05","(原名LB)Bath & Body Works, Inc.",BBWI,15,62.88,,,Charles Schwab,
2021-03-24 00:00:00,股息,6.60,"12,356.85",Assured Guaranty Ltd.,AGO,30,0.22,,,,
2021-03-19 00:00:00,股息,6.45,"12,350.25",Magna Intl Inc.,MGA,20,0.43,,2.15,,
2021-03-17 00:00:00,賣出,340.00,"12,343.80",BAYERISCHE MOTOREN WERKE AG ADR,BMWYY,10,34.00,,,Charles Schwab,
2021-03-17 00:00:00,股息,9.16,"12,003.80",Unilever PLC,UL,18,0.51,0.09,,,
2021-03-15 00:00:00,股息,10.50,"11,994.64",LyondellBasell Industries NV,LYB,10,1.05,,,,
2021-03-15 00:00:00,股息,6.46,"11,984.14",International Paper Co.,IP,18,0.51,,2.77,,
2021-03-15 00:00:00,股息,4.68,"11,977.68",Tyson Foods Inc,TSN,15,0.45,,2.00,,
2021-03-15 00:00:00,股息,1.40,"11,973.00",Mowi ASA,MHGVY,50,0.04,0.47,,,
2021-03-12 00:00:00,賣出,"1,019.99","11,971.60","(原名LB)Bath & Body Works, Inc.",BBWI,17,60.00,,0.01,Charles Schwab,
2021-03-12 00:00:00,股息,4.79,"10,951.61",Huntington Ingalls Industries Inc,HII,6,1.14,,2.05,,
2021-03-10 00:00:00,股息,7.31,"10,946.82",Exxon Mobil Corp,XOM,12,0.87,,3.13,,
2021-03-08 00:00:00,賣出,"1,249.99","10,939.51","AutoZone, Inc.",AZO,1,"1,250.00",,0.01,Charles Schwab,
2021-03-08 00:00:00,賣出,"1,199.99","9,689.52",Pilgrim's Pride Corporation,PPC,48,25.00,,0.01,Charles Schwab,
2021-03-08 00:00:00,賣出,"1,089.09","8,489.53",LyondellBasell Industries NV,LYB,10,108.91,,0.01,Charles Schwab,
2021-03-08 00:00:00,賣出,981.00,"7,400.44",International Paper Co.,IP,18,54.50,,,Charles Schwab,
2021-03-08 00:00:00,賣出,766.50,"6,419.44",Mowi ASA,MHGVY,30,25.55,,,Charles Schwab,
2021-03-08 00:00:00,賣出,466.13,"5,652.94",BAYERISCHE MOTOREN WERKE AG ADR,BMWYY,15,31.08,,,Charles Schwab,
2021-03-04 00:00:00,賣出,720.00,"5,186.81","AutoNation, Inc.",AN,9,80.00,,,Charles Schwab,
2021-03-04 00:00:00,賣出,688.80,"4,466.81",Exxon Mobil Corp,XOM,12,57.40,,,Charles Schwab,
2021-03-04 00:00:00,賣出,200.30,"3,778.01",Electrolux AB,ELUXY,4,50.08,,,Charles Schwab,
2021-03-04 00:00:00,賣出,150.00,"3,577.71",Electrolux AB,ELUXY,3,50.00,,,Charles Schwab,
2021-03-04 00:00:00,股息,26.55,"3,427.71",TC PipeLines LP,TCP,18,1.48,,,,Cash In Lieu 03/03/2021 0.5股 * $44.25 1: 0.70 股 TRP 普通股
2021-03-03 00:00:00,賣出,646.00,"3,401.16",Wells Fargo & Co,WFC,17,38.00,,,Charles Schwab,
2021-03-01 00:00:00,賣出,963.00,"2,755.16",LyondellBasell Industries NV,LYB,9,107.00,,,Charles Schwab,
2021-03-01 00:00:00,賣出,650.00,"1,792.16",Paramount Global,PARA,10,65.00,,,Charles Schwab,
2021-03-01 00:00:00,賣出,452.52,"1,142.16",Mowi ASA,MHGVY,18,25.14,,,Charles Schwab,
2021-03-01 00:00:00,賣出,300.00,689.64,MEDNAX Inc,MD,12,25.00,,,Charles Schwab,
2021-03-01 00:00:00,賣出,285.00,389.64,Danske Bank,DNKEY,30,9.50,,,Charles Schwab,
2021-03-01 00:00:00,賣出,50.12,104.64,Mowi ASA,MHGVY,2,25.06,,,Charles Schwab,
2021-03-01 00:00:00,股息,5.04,54.52,Kroger Co.,KR,40,0.18,,2.16,,
2021-03-01 00:00:00,股息,3.29,49.48,Wells Fargo & Co,WFC,47,0.10,,1.41,,
2021-03-01 00:00:00,股息,2.44,46.19,Intel Corp.,INTC,10,0.35,,1.04,,
2021-02-18 00:00:00,買入,-84.00,43.75,MEDNAX Inc,MD,4,21.00,,,Charles Schwab,
2021-02-12 00:00:00,股息,7.37,127.75,TC PipeLines LP,TCP,18,0.65,,4.33,,
2021-01-25 00:00:00,買入,-168.00,120.38,Carnival PLC,CUK,10,16.80,,,Charles Schwab,
2021-01-25 00:00:00,股息,5.25,288.38,"American Financial Group, Inc.",AFG,15,0.50,,2.25,,
2021-01-22 00:00:00,股息,9.10,283.13,Simon Property Group Inc,SPG,10,1.30,,3.90,,
2021-01-15 00:00:00,股息,4.76,274.03,"Cardinal Health, Inc.",CAH,14,0.49,,2.04,,
2021-01-04 00:00:00,股息,5.04,269.27,Paramount Global,PARA,30,0.24,,2.16,,
2021-01-04 00:00:00,股息,0.45,264.23,Spirit AeroSystems Holdings Inc,SPR,65,0.01,,0.20,,
2020-12-29 00:00:00,股息,21.00,263.78,"American Financial Group, Inc.",AFG,15,2.00,,9.00,,Special 股息
2020-12-21 00:00:00,買入,-110.00,242.78,Centrica plc,CPYYY,50,2.20,,,Charles Schwab,
2020-12-17 00:00:00,買入,-549.00,352.78,TC PipeLines LP,TCP,18,30.50,,,Charles Schwab,
2020-12-16 00:00:00,賣出,509.99,901.78,Intel Corp.,INTC,10,51.00,,0.01,Charles Schwab,
2020-12-16 00:00:00,股息,9.99,391.79,Shell PLC,SHEL,30,0.33,,,,
2020-12-16 00:00:00,股息,1.74,381.80,Central Japan Railway,CJPRY,40,0.06,0.37,0.38,,
2020-12-15 00:00:00,股息,11.79,380.06,Marubeni Corp,MARUY,14,1.05,0.69,2.26,,
2020-12-15 00:00:00,股息,6.46,368.27,International Paper Co.,IP,18,0.51,,2.77,,
2020-12-15 00:00:00,股息,4.68,361.81,Tyson Foods Inc,TSN,15,0.45,,2.00,,
2020-12-11 00:00:00,股息,4.79,357.13,Huntington Ingalls Industries Inc,HII,6,1.14,,2.05,,
2020-12-10 00:00:00,買入,-230.00,352.34,Centrica plc,CPYYY,100,2.30,,,Charles Schwab,
2020-12-10 00:00:00,股息,7.31,582.34,Exxon Mobil Corp,XOM,12,0.87,,3.13,,
2020-12-09 00:00:00,費用,-5.76,575.03,Danske Bank,DNKEY,,,,,,ADR管理費
2020-12-07 00:00:00,股息,19.95,580.79,LyondellBasell Industries NV,LYB,19,1.05,,,,
2020-12-07 00:00:00,股息,5.01,560.84,East Japan Railway,EJPRY,92,0.08,1.25,1.13,,
2020-12-04 00:00:00,股息,6.00,555.83,Magna Intl Inc.,MGA,20,0.40,,2.00,,
2020-12-03 00:00:00,買入,-103.20,549.83,Centrica plc,CPYYY,43,2.40,,,Charles Schwab,
2020-12-02 00:00:00,股息,6.00,653.03,Assured Guaranty Ltd.,AGO,30,0.20,,,,
2020-12-01 00:00:00,賣出,599.99,647.03,Intel Corp.,INTC,12,50.00,,0.01,Charles Schwab,
2020-12-01 00:00:00,股息,7.39,47.04,Intel Corp.,INTC,32,0.33,,3.17,,
2020-12-01 00:00:00,股息,5.04,39.65,Kroger Co.,KR,40,0.18,,2.16,,
2020-12-01 00:00:00,股息,3.29,34.61,Wells Fargo & Co,WFC,47,0.10,,1.41,,
2020-11-20 00:00:00,股息,22.29,31.32,Electrolux AB,ELUXY,20,1.62,0.40,9.73,,
2020-11-20 00:00:00,股息,8.63,9.03,Unilever PLC,UL,18,0.48,0.09,,,
2020-10-28 00:00:00,買入,-22.80,0.40,Centrica plc,CPYYY,12,1.90,,,Charles Schwab,
2020-10-26 00:00:00,股息,5.25,23.20,"American Financial Group, Inc.",AFG,15,0.50,,2.25,,
2020-10-23 00:00:00,股息,9.10,17.95,Simon Property Group Inc,SPG,10,1.30,,3.90,,
2020-10-16 00:00:00,買入,-89.55,8.85,Centrica plc,CPYYY,45,1.99,,,Charles Schwab,
2020-10-15 00:00:00,股息,4.76,98.40,"Cardinal Health, Inc.",CAH,14,0.49,,2.04,,
2020-10-12 00:00:00,買入,-97.80,93.64,MEDNAX Inc,MD,6,16.30,,,Charles Schwab,
2020-10-05 00:00:00,股息,0.45,191.44,Spirit AeroSystems Holdings Inc,SPR,65,0.01,,0.20,,
2020-10-01 00:00:00,股息,5.04,190.99,Paramount Global,PARA,30,0.24,,2.16,,
2020-09-21 00:00:00,股息,9.60,185.95,Shell PLC,SHEL,30,0.32,,,,
2020-09-15 00:00:00,股息,6.46,176.35,International Paper Co.,IP,18,0.51,,2.77,,
2020-09-15 00:00:00,股息,4.41,169.89,Tyson Foods Inc,TSN,15,0.42,,1.89,,
2020-09-10 00:00:00,股息,7.31,165.48,Exxon Mobil Corp,XOM,12,0.87,,3.13,,
2020-09-09 00:00:00,股息,8.36,158.17,Unilever PLC,UL,18,0.47,0.09,,,
2020-09-08 00:00:00,股息,19.95,149.81,LyondellBasell Industries NV,LYB,19,1.05,,,,
2020-09-04 00:00:00,買入,-888.00,129.86,Huntington Ingalls Industries Inc,HII,6,148.00,,,Charles Schwab,
2020-09-04 00:00:00,股息,6.00,"1,017.86",Magna Intl Inc.,MGA,20,0.40,,2.00,,
2020-09-02 00:00:00,買入,-297.66,"1,011.86",Danske Bank,DNKEY,41,7.26,,,Charles Schwab,
2020-09-02 00:00:00,股息,6.00,"1,309.52",Assured Guaranty Ltd.,AGO,30,0.20,,,,
2020-09-01 00:00:00,買入,-925.00,"1,303.52",SPDRR Gold Shares,GLD,5,185.00,,,Charles Schwab,
2020-09-01 00:00:00,股息,7.39,"2,228.52",Intel Corp.,INTC,32,0.33,,3.17,,
2020-09-01 00:00:00,股息,5.04,"2,221.13",Kroger Co.,KR,40,0.18,,2.16,,
2020-09-01 00:00:00,股息,3.29,"2,216.09",Wells Fargo & Co,WFC,47,0.10,,1.41,,
2020-08-18 00:00:00,買入,-510.00,"2,212.80",Boeing Company,BA,3,170.00,,,Charles Schwab,
2020-08-10 00:00:00,買入,-484.00,"2,722.80",Spirit AeroSystems Holdings Inc,SPR,22,22.00,,,Charles Schwab,
2020-08-05 00:00:00,買入,-495.00,"3,206.80",East Japan Railway,EJPRY,50,9.90,,,Charles Schwab,
2020-08-03 00:00:00,買入,-310.00,"3,701.80",Tyson Foods Inc,TSN,5,62.00,,,Charles Schwab,
2020-07-27 00:00:00,買入,-500.00,"4,011.80",Intel Corp.,INTC,10,50.00,,,Charles Schwab,
2020-07-15 00:00:00,股息,4.76,"4,511.80","Cardinal Health, Inc.",CAH,14,0.49,,2.04,,
2020-07-14 00:00:00,股息,4.72,"4,507.04","American Financial Group, Inc.",AFG,15,0.45,,2.03,,
2020-07-13 00:00:00,買入,-573.80,"4,502.32",Central Japan Railway,CJPRY,40,14.35,,,Charles Schwab,
2020-07-13 00:00:00,買入,-357.79,"5,076.12",Mowi ASA,MHGVY,20,17.89,,,Charles Schwab,
2020-07-09 00:00:00,股息,9.10,"5,433.91",Simon Property Group Inc,SPG,10,1.30,,3.90,,
2020-07-06 00:00:00,買入,-504.00,"5,424.81",Carnival PLC,CUK,40,12.60,,,Charles Schwab,
2020-07-06 00:00:00,股息,0.30,"5,928.81",Spirit AeroSystems Holdings Inc,SPR,43,0.01,,0.13,,
2020-07-01 00:00:00,買入,-325.00,"5,928.51",LyondellBasell Industries NV,LYB,5,65.00,,,Charles Schwab,
2020-07-01 00:00:00,股息,5.04,"6,253.51",Paramount Global,PARA,30,0.24,,2.16,,
2020-06-22 00:00:00,股息,4.80,"6,248.47",Shell PLC,SHEL,30,0.16,,,,
2020-06-19 00:00:00,股息,18.20,"6,243.67",Marubeni Corp,MARUY,14,1.59,0.69,3.42,,
2020-06-16 00:00:00,買入,-560.55,"6,225.47",Mowi ASA,MHGVY,30,18.68,,,Charles Schwab,
2020-06-15 00:00:00,股息,14.70,"6,786.02",LyondellBasell Industries NV,LYB,14,1.05,,,,
2020-06-15 00:00:00,股息,6.46,"6,771.32",International Paper Co.,IP,18,0.51,,2.77,,
2020-06-15 00:00:00,股息,2.94,"6,764.86",Tyson Foods Inc,TSN,10,0.42,,1.26,,
2020-06-11 00:00:00,買入,-820.00,"6,761.92","ALLIANZ SE UNSPON ADS EACH REP ",ALIZY,40,20.50,,,Charles Schwab,
2020-06-11 00:00:00,買入,-650.00,"7,581.92",G4S plc,GFSZY,100,6.50,,,Charles Schwab,
2020-06-11 00:00:00,買入,-496.00,"8,231.92","American Financial Group, Inc.",AFG,8,62.00,,,Charles Schwab,
2020-06-11 00:00:00,買入,-495.00,"8,727.92",Spirit AeroSystems Holdings Inc,SPR,18,27.50,,,Charles Schwab,
2020-06-11 00:00:00,買入,-493.50,"9,222.92",Shell PLC,SHEL,15,32.90,,,Charles Schwab,
2020-06-11 00:00:00,買入,-405.00,"9,716.42",Wells Fargo & Co,WFC,15,27.00,,,Charles Schwab,
2020-06-10 17:00:00,費用,-25.00,"10,121.42",,,,,,,,中轉銀行費用
2020-06-10 16:00:10,轉入,"10,085.00","10,146.42",,,,,,,TWBank,"匯率29.2838  TWD$295,327.12 匯費 ＄300+＄75(10085*0.025％*29.67) "
2020-06-10 00:00:00,股息,7.31,61.42,Exxon Mobil Corp,XOM,12,0.87,,3.13,,
2020-06-08 00:00:00,買入,-715.00,54.11,Wells Fargo & Co,WFC,22,32.50,,,Charles Schwab,
2020-06-05 00:00:00,買入,-494.56,769.11,BAYERISCHE MOTOREN WERKE AG ADR,BMWYY,22,22.48,,,Charles Schwab,
2020-06-05 00:00:00,股息,6.00,"1,263.67",Magna Intl Inc.,MGA,20,0.40,,2.00,,
2020-06-04 00:00:00,股息,7.91,"1,257.67",Unilever PLC,UL,18,0.44,0.09,,,
2020-06-03 00:00:00,股息,6.00,"1,249.76",Assured Guaranty Ltd.,AGO,30,0.20,,,,
2020-06-02 00:00:00,買入,-494.00,"1,243.76",Delta Air Lines Inc,DAL,19,26.00,,,Charles Schwab,
2020-06-01 00:00:00,股息,5.08,"1,737.76",Intel Corp.,INTC,22,0.33,,2.18,,
2020-06-01 00:00:00,股息,4.48,"1,732.68",Kroger Co.,KR,40,0.16,,1.92,,
2020-06-01 00:00:00,股息,3.57,"1,728.20",Wells Fargo & Co,WFC,10,0.51,,1.53,,
2020-05-29 00:00:00,股息,17.90,"1,724.63",BAYERISCHE MOTOREN WERKE AG ADR,BMWYY,28,0.91,0.84,6.72,,
2020-05-27 00:01:00,買入,-12.96,"1,706.73",East Japan Railway,EJPRY,1,12.96,,,Charles Schwab,
2020-05-27 00:00:00,買入,-533.00,"1,719.69",East Japan Railway,EJPRY,41,13.00,,,Charles Schwab,
2020-05-26 00:00:00,買入,-725.00,"2,252.69",Boeing Company,BA,5,145.00,,,Charles Schwab,
2020-05-18 00:00:00,買入,-500.00,"2,977.69",Spirit AeroSystems Holdings Inc,SPR,25,20.00,,,Charles Schwab,
2020-05-14 00:00:00,買入,-500.00,"3,477.69",Simon Property Group Inc,SPG,10,50.00,,,Charles Schwab,
2020-05-06 00:00:00,買入,-490.00,"3,977.69",O-I Glass Inc,OI,70,7.00,,,Charles Schwab,
2020-05-04 00:00:00,買入,-550.00,"4,467.69",Tyson Foods Inc,TSN,10,55.00,,,Charles Schwab,
2020-04-30 00:00:00,買入,-513.00,"5,017.69",Carnival PLC,CUK,38,13.50,,,Charles Schwab,
2020-04-30 00:00:00,買入,-480.00,"5,530.69",Shell PLC,SHEL,15,32.00,,,Charles Schwab,
2020-04-29 00:00:00,買入,-490.00,"6,010.69","American Financial Group, Inc.",AFG,7,70.00,,,Charles Schwab,
2020-04-23 00:00:00,賣出,503.99,"6,500.69",Cal-Maine Foods Inc,CALM,12,42.00,,0.01,Charles Schwab,
2020-04-15 00:00:00,買入,-494.20,"5,996.70",Electrolux AB,ELUXY,20,24.71,,,Charles Schwab,
2020-04-15 00:00:00,股息,4.72,"6,490.90","Cardinal Health, Inc.",CAH,14,0.48,,2.02,,
2020-04-07 00:00:00,買入,-515.39,"6,486.18",Exxon Mobil Corp,XOM,12,42.95,,,Charles Schwab,
2020-04-07 00:00:00,買入,-480.00,"7,001.57",Paramount Global,PARA,30,16.00,,,Charles Schwab,
2020-04-07 00:00:00,買入,-480.00,"7,481.57",Cal-Maine Foods Inc,CALM,12,40.00,,,Charles Schwab,
2020-03-30 00:00:00,利息,0.06,"7,961.57",,,,,,0.02,,
2020-03-25 00:00:00,股息,6.00,"7,961.51",Assured Guaranty Ltd.,AGO,30,0.20,,,,
2020-03-24 00:00:00,買入,-525.00,"7,955.51",Berkshire Hathaway Inc. New,BRK-B,3,175.00,,,Charles Schwab,
2020-03-20 00:00:00,股息,6.00,"8,480.51",Magna Intl Inc.,MGA,20,0.40,,2.00,,
2020-03-18 00:00:00,股息,8.04,"8,474.51",Unilever PLC,UL,18,0.45,0.09,,,
2020-03-16 00:00:00,股息,6.46,"8,466.47",International Paper Co.,IP,18,0.51,,2.77,,
2020-03-09 00:00:00,股息,14.70,"8,460.01",LyondellBasell Industries NV,LYB,14,1.05,,,,
2020-03-06 00:00:00,股息,10.71,"8,445.31","(原名LB)Bath & Body Works, Inc.",BBWI,51,0.30,,4.59,,
2020-03-04 00:00:00,買入,-465.00,"8,434.60",Delta Air Lines Inc,DAL,10,46.50,,,Charles Schwab,
2020-03-02 00:00:00,股息,5.08,"8,899.60",Intel Corp.,INTC,22,0.33,,2.18,,
2020-03-02 00:00:00,股息,4.48,"8,894.52",Kroger Co.,KR,40,0.16,,1.92,,
2020-03-02 00:00:00,股息,3.57,"8,890.04",Wells Fargo & Co,WFC,10,0.51,,1.53,,
2020-02-27 00:00:00,利息,0.38,"8,886.47",,,,,,0.15,,
2020-02-21 00:00:00,買入,-200.00,"8,886.09",MEDNAX Inc,MD,10,20.00,,,Charles Schwab,
2020-02-20 00:00:00,買入,-220.00,"9,086.09",MEDNAX Inc,MD,10,22.00,,,Charles Schwab,
2020-01-30 00:00:00,利息,0.44,"9,306.09",,,,,,0.18,,
2020-01-23 00:00:00,買入,-480.00,"9,305.65",Wells Fargo & Co,WFC,10,48.00,,,Charles Schwab,
2020-01-15 00:00:00,股息,4.72,"9,785.65","Cardinal Health, Inc.",CAH,14,0.48,,2.02,,
2019-12-30 00:00:00,利息,0.47,"9,780.93",,,,,,0.19,,
2019-12-23 00:00:00,買入,-495.00,"9,780.46",MEDNAX Inc,MD,18,27.50,,,Charles Schwab,
2019-12-16 00:00:00,股息,18.29,"10,275.46",Marubeni Corp,MARUY,14,1.60,0.69,3.43,,
2019-12-16 00:00:00,股息,6.46,"10,257.17",International Paper Co.,IP,18,0.51,,2.77,,
2019-12-09 00:00:00,股息,14.70,"10,250.71",LyondellBasell Industries NV,LYB,14,1.05,,,,
2019-12-06 00:00:00,股息,10.71,"10,236.01","(原名LB)Bath & Body Works, Inc.",BBWI,51,0.30,,4.59,,
2019-12-06 00:00:00,股息,5.47,"10,225.30",Magna Intl Inc.,MGA,20,0.36,,1.83,,
2019-12-04 00:00:00,股息,8.04,"10,219.83",Unilever PLC,UL,18,0.45,0.09,,,
2019-12-04 00:00:00,股息,5.40,"10,211.79",Assured Guaranty Ltd.,AGO,30,0.18,,,,
2019-12-01 00:00:00,股息,4.85,"10,206.39",Intel Corp.,INTC,22,0.32,,2.08,,
2019-12-01 00:00:00,股息,4.48,"10,201.54",Kroger Co.,KR,40,0.16,,1.92,,
2019-11-27 00:00:00,利息,0.43,"10,197.06",,,,,,0.18,,
2019-10-30 00:00:00,利息,0.73,"10,196.63",,,,,,0.31,,
2019-10-15 00:00:00,股息,4.72,"10,195.90","Cardinal Health, Inc.",CAH,14,0.48,,2.02,,
2019-09-27 00:00:00,利息,1.00,"10,191.18",,,,,,0.42,,
2019-09-16 00:00:00,股息,6.30,"10,190.18",International Paper Co.,IP,18,0.50,,2.70,,
2019-09-11 00:00:00,股息,14.70,"10,183.88",LyondellBasell Industries NV,LYB,14,1.05,,,,
2019-09-11 00:00:00,股息,8.16,"10,169.18",Unilever PLC,UL,18,0.46,0.09,,,
2019-09-09 00:00:00,賣出,995.03,"10,161.02","AutoNation, Inc.",AN,20,50.00,4.95,0.02,Charles Schwab,
2019-09-06 00:00:00,股息,10.71,"9,165.99","(原名LB)Bath & Body Works, Inc.",BBWI,51,0.30,,4.59,,
2019-09-06 00:00:00,股息,5.47,"9,155.28",Magna Intl Inc.,MGA,20,0.36,,1.83,,
2019-09-04 00:00:00,股息,5.40,"9,149.81",Assured Guaranty Ltd.,AGO,30,0.18,,,,
2019-09-01 00:00:00,股息,4.85,"9,144.41",Intel Corp.,INTC,22,0.32,,2.08,,
2019-09-01 00:00:00,股息,4.48,"9,139.56",Kroger Co.,KR,40,0.16,,1.92,,
2019-08-29 00:00:00,利息,1.10,"9,135.08",,,,,,0.46,,
2019-08-06 00:00:00,買入,"-1,054.95","9,133.98",LyondellBasell Industries NV,LYB,14,75.00,4.95,,Charles Schwab,
2019-07-30 00:00:00,利息,1.65,"10,188.93",,,,,,0.70,,
2019-07-23 00:00:00,賣出,"1,057.03","10,187.28","AutoNation, Inc.",AN,24,44.25,4.95,0.02,Charles Schwab,
2019-07-15 00:00:00,股息,4.72,"9,130.25","Cardinal Health, Inc.",CAH,14,0.48,,2.02,,
2019-07-05 00:00:00,買入,-962.15,"9,125.53",Magna Intl Inc.,MGA,20,47.86,4.95,,Charles Schwab,
2019-06-27 00:00:00,利息,1.75,"10,087.68",,,,,,0.74,,
2019-06-18 00:00:00,買入,-954.95,"10,085.93","Meta Platforms, Inc.",META,5,190.00,4.95,,Charles Schwab,
2019-06-17 00:00:00,股息,17.89,"11,040.88",Marubeni Corp,MARUY,14,1.57,0.69,3.36,,
2019-06-14 00:00:00,股息,10.71,"11,022.99","(原名LB)Bath & Body Works, Inc.",BBWI,51,0.30,,4.59,,
2019-06-14 00:00:00,股息,6.30,"11,012.28",International Paper Co.,IP,18,0.50,,2.70,,
2019-06-05 00:00:00,股息,8.26,"11,005.98",Unilever PLC,UL,18,0.46,0.09,,,
2019-06-05 00:00:00,股息,5.40,"10,997.72",Assured Guaranty Ltd.,AGO,30,0.18,,,,
2019-06-03 00:00:00,股息,3.92,"10,992.32",Kroger Co.,KR,40,0.14,,1.68,,
2019-05-31 00:00:00,股息,25.97,"10,988.40",BAYERISCHE MOTOREN WERKE AG ADR,BMWYY,28,1.30,0.84,9.61,,
2019-05-30 00:00:00,利息,2.28,"10,962.43",,,,,,0.97,,
2019-05-10 00:00:00,買入,"-1,016.95","10,960.15",Intel Corp.,INTC,22,46.00,4.95,,Charles Schwab,
2019-04-29 00:00:00,利息,2.41,"11,977.10",,,,,,1.02,,
2019-04-24 00:00:00,賣出,"1,009.03","11,974.69",Pilgrim's Pride Corporation,PPC,39,26.00,4.95,0.02,Charles Schwab,
2019-04-15 00:00:00,股息,4.67,"10,965.66","Cardinal Health, Inc.",CAH,14,0.48,,2.00,,
2019-04-12 00:00:00,買入,"-1,030.05","10,960.99",Unilever PLC,UL,18,56.95,4.95,,Charles Schwab,
2019-03-28 00:00:00,股息,45.32,"11,991.04",Danske Bank,DNKEY,105,0.65,4.20,18.31,,
2019-03-28 00:00:00,利息,2.34,"11,945.72",,,,,,1.00,,
2019-03-27 00:00:00,股息,5.40,"11,943.38",Assured Guaranty Ltd.,AGO,30,0.18,,,,
2019-03-15 00:00:00,股息,6.30,"11,937.98",International Paper Co.,IP,18,0.50,,2.70,,
2019-03-12 00:00:00,買入,-964.95,"11,931.68",Kroger Co.,KR,40,24.00,4.95,,Charles Schwab,
2019-03-08 00:00:00,股息,10.71,"12,896.63","(原名LB)Bath & Body Works, Inc.",BBWI,51,0.30,,4.59,,
2019-02-27 00:00:00,取款,-32.50,"12,885.92",,,,,,,,台北富邦ATM提款新台幣1000
2019-02-27 00:00:00,利息,2.45,"12,918.42",,,,,,1.04,,
2019-02-08 00:00:00,買入,-983.41,"12,915.97",Marubeni Corp,MARUY,14,69.89,4.95,,Charles Schwab,
2019-02-07 00:00:00,買入,-991.95,"13,899.38",Danske Bank,DNKEY,105,9.40,4.95,,Charles Schwab,
2019-01-30 00:00:00,利息,2.99,"14,891.33",,,,,,1.27,,
2019-01-15 00:00:00,股息,4.67,"14,888.34","Cardinal Health, Inc.",CAH,14,0.48,,2.00,,
2018-12-28 00:00:00,利息,2.44,"14,883.67",,,,,,1.04,,
2018-12-14 00:00:00,股息,6.30,"14,881.23",International Paper Co.,IP,18,0.50,,2.70,,
2018-12-07 00:00:00,股息,21.42,"14,874.93","(原名LB)Bath & Body Works, Inc.",BBWI,51,0.60,,9.18,,
2018-12-05 00:00:00,股息,4.80,"14,853.51",Assured Guaranty Ltd.,AGO,30,0.16,,,,
2018-11-29 00:00:00,利息,2.52,"14,848.71",,,,,,1.08,,
2018-10-31 00:00:00,利息,2.61,"14,846.19",,,,,,1.11,,
2018-10-15 00:00:00,股息,4.67,"14,843.58","Cardinal Health, Inc.",CAH,14,0.48,,2.00,,
2018-10-08 00:00:00,賣出,"1,571.03","14,838.91","AutoZone, Inc.",AZO,2,788.00,4.95,0.02,Charles Schwab,
2018-10-03 00:00:00,賣出,"1,123.04","13,267.88","Patterson Companies, Inc.",PDCO,47,24.00,4.95,0.01,Charles Schwab,
2018-09-27 00:00:00,利息,1.38,"12,144.84",,,,,,0.58,,
2018-09-17 00:00:00,股息,5.98,"12,143.46",International Paper Co.,IP,18,0.47,,2.57,,
2018-09-07 00:00:00,股息,21.42,"12,137.48","(原名LB)Bath & Body Works, Inc.",BBWI,51,0.60,,9.18,,
2018-08-30 00:00:00,利息,1.52,"12,116.06",,,,,,0.65,,
2018-08-14 00:00:00,股息,4.80,"12,114.54",Assured Guaranty Ltd.,AGO,30,0.16,,,,
2018-07-30 00:00:00,利息,1.57,"12,109.74",,,,,,0.66,,
2018-07-16 00:00:00,股息,4.67,"12,108.17","Cardinal Health, Inc.",CAH,14,0.48,,2.00,,
2018-07-12 00:00:00,股息,8.55,"12,103.50","Patterson Companies, Inc.",PDCO,47,0.26,,3.67,,
2018-06-28 00:00:00,利息,1.12,"12,094.95",,,,,,0.48,,
2018-06-15 00:00:00,股息,21.42,"12,093.83","(原名LB)Bath & Body Works, Inc.",BBWI,51,0.60,,9.18,,
2018-06-15 00:00:00,股息,5.98,"12,072.41",International Paper Co.,IP,18,0.47,,2.57,,
2018-05-31 00:00:00,買入,-991.95,"12,066.43","Patterson Companies, Inc.",PDCO,47,21.00,4.95,,Charles Schwab,
2018-05-30 00:00:00,股息,4.80,"13,058.38",Assured Guaranty Ltd.,AGO,30,0.16,,,,
2018-05-30 00:00:00,利息,1.33,"13,053.58",,,,,,0.57,,
2018-05-18 00:00:00,買入,-982.57,"13,052.25",BAYERISCHE MOTOREN WERKE AG ADR,BMWYY,28,34.91,4.95,,Charles Schwab,
2018-05-03 00:00:00,買入,-991.95,"14,034.82",Pilgrim's Pride Corporation,PPC,47,21.00,4.95,,Charles Schwab,
2018-04-27 00:00:00,利息,1.23,"15,026.77",,,,,,0.52,,
2018-04-16 00:00:00,股息,4.53,"15,025.54","Cardinal Health, Inc.",CAH,14,0.46,,1.94,,
2018-03-28 00:00:00,利息,1.02,"15,021.01",,,,,,0.43,,
2018-03-21 00:00:00,股息,4.80,"15,019.99",Assured Guaranty Ltd.,AGO,30,0.16,,,,
2018-03-20 00:00:00,買入,"-1,004.95","15,015.19",Pilgrim's Pride Corporation,PPC,40,25.00,4.95,,Charles Schwab,
2018-03-09 00:00:00,股息,21.42,"16,020.14","(原名LB)Bath & Body Works, Inc.",BBWI,51,0.60,,9.18,,
2018-02-27 00:00:00,利息,1.15,"15,998.72",,,,,,0.48,,
2018-02-20 00:00:00,買入,"-1,048.95","15,997.57",International Paper Co.,IP,18,58.00,4.95,,Charles Schwab,
2018-01-30 00:00:00,利息,1.38,"17,046.52",,,,,,0.59,,
2018-01-16 00:00:00,買入,"-1,024.95","17,045.14",Assured Guaranty Ltd.,AGO,30,34.00,4.95,,Charles Schwab,
2018-01-16 00:00:00,股息,4.53,"18,070.09","Cardinal Health, Inc.",CAH,14,0.46,,1.94,,
2017-12-28 00:00:00,利息,0.82,"18,065.56",,,,,,0.34,,
2017-12-26 00:00:00,賣出,"1,995.00","18,064.74","(原名LB)Bath & Body Works, Inc.",BBWI,32,62.50,4.95,0.05,Charles Schwab,
2017-12-08 00:00:00,股息,34.86,"16,069.74","(原名LB)Bath & Body Works, Inc.",BBWI,83,0.60,,14.94,,
2017-11-29 00:00:00,利息,0.84,"16,034.88",,,,,,0.36,,
2017-10-30 00:00:00,利息,0.90,"16,034.04",,,,,,0.38,,
2017-10-16 00:00:00,股息,4.53,"16,033.14","Cardinal Health, Inc.",CAH,14,0.46,,1.94,,
2017-09-28 00:00:00,利息,0.92,"16,028.61",,,,,,0.39,,
2017-09-12 00:00:00,買入,-970.95,"16,027.69","Cardinal Health, Inc.",CAH,14,69.00,4.95,,Charles Schwab,
2017-08-30 00:00:00,利息,1.16,"16,998.64",,,,,,0.49,,
2017-08-21 00:00:00,買入,"-2,992.95","16,997.48","(原名LB)Bath & Body Works, Inc.",BBWI,83,36.00,4.95,,Charles Schwab,
2017-07-28 00:00:00,利息,0.33,"19,990.43",,,,,,0.14,,
2017-07-24 00:00:00,買入,"-3,004.95","19,990.10","AutoZone, Inc.",AZO,6,500.00,4.95,,Charles Schwab,
2017-07-24 00:00:00,買入,"-2,979.95","22,995.05","AutoNation, Inc.",AN,70,42.50,4.95,,Charles Schwab,
2017-07-21 17:00:00,費用,-25.00,"25,975.00",,,,,,,,中轉銀行費用
2017-07-21 16:00:20,轉入,"26,000.00","26,000.00",,,,,,,TWBank,"匯率30.4212  TWD$790,951.20 匯費 ＄300+＄198(26000*0.025％*30.47)"
